timestamp,wall_time,status,x,y,yaw,has_icp_pose
1779884141.5647306,2026-05-27T20:15:41.564732,0,0.2464,2.5773,1.5850,0
1779884141.664791,2026-05-27T20:15:41.664792,0,0.2466,2.5773,1.5851,0
1779884141.766334,2026-05-27T20:15:41.766335,0,0.2468,2.5771,1.5850,0
1779884141.8632796,2026-05-27T20:15:41.863281,0,0.2469,2.5771,1.5850,0
1779884141.9665642,2026-05-27T20:15:41.966565,0,0.2468,2.5773,1.5850,0
1779884142.0630012,2026-05-27T20:15:42.063002,0,0.2463,2.5777,1.5851,0
1779884142.1660705,2026-05-27T20:15:42.166072,0,0.2462,2.5782,1.5850,0
1779884142.263159,2026-05-27T20:15:42.263160,0,0.2461,2.5786,1.5850,0
1779884142.363116,2026-05-27T20:15:42.363117,0,0.2460,2.5789,1.5850,0
1779884142.46528,2026-05-27T20:15:42.465281,0,0.2463,2.5789,1.5850,0
1779884142.5651083,2026-05-27T20:15:42.565109,0,0.2465,2.5786,1.5850,0
1779884142.6633317,2026-05-27T20:15:42.663333,0,0.2465,2.5787,1.5850,0
1779884142.7655523,2026-05-27T20:15:42.765553,0,0.2467,2.5786,1.5849,0
1779884142.8620675,2026-05-27T20:15:42.862069,0,0.2467,2.5786,1.5849,0
1779884142.9614344,2026-05-27T20:15:42.961435,0,0.2464,2.5790,1.5849,0
1779884143.0689857,2026-05-27T20:15:43.068987,0,0.2462,2.5794,1.5849,0
1779884143.1627183,2026-05-27T20:15:43.162719,0,0.2463,2.5796,1.5850,0
1779884143.2628045,2026-05-27T20:15:43.262806,0,0.2459,2.5801,1.5850,0
1779884143.36363,2026-05-27T20:15:43.363631,0,0.2457,2.5801,1.5850,0
1779884143.463219,2026-05-27T20:15:43.463222,0,0.2458,2.5798,1.5851,0
1779884143.562553,2026-05-27T20:15:43.562554,0,0.2462,2.5795,1.5851,0
1779884143.6686544,2026-05-27T20:15:43.668656,0,0.2465,2.5794,1.5852,0
1779884143.7659776,2026-05-27T20:15:43.765979,0,0.2469,2.5794,1.5852,0
1779884143.8643742,2026-05-27T20:15:43.864376,0,0.2472,2.5796,1.5851,0
1779884143.9636316,2026-05-27T20:15:43.963632,0,0.2475,2.5795,1.5853,0
1779884144.0638134,2026-05-27T20:15:44.063814,0,0.2478,2.5796,1.5854,0
1779884144.1659524,2026-05-27T20:15:44.165954,0,0.2482,2.5795,1.5856,0
1779884144.2677212,2026-05-27T20:15:44.267723,0,0.2482,2.5794,1.5857,0
1779884144.367641,2026-05-27T20:15:44.367642,0,0.2482,2.5794,1.5857,0
1779884144.5124154,2026-05-27T20:15:44.512417,0,0.2478,2.5792,1.5857,0
1779884144.571612,2026-05-27T20:15:44.571613,0,0.2477,2.5792,1.5858,0
1779884144.6645737,2026-05-27T20:15:44.664575,0,0.2475,2.5792,1.5857,0
1779884144.7669616,2026-05-27T20:15:44.766963,0,0.2471,2.5791,1.5857,0
1779884144.8655365,2026-05-27T20:15:44.865538,0,0.2471,2.5790,1.5856,0
1779884144.965844,2026-05-27T20:15:44.965845,0,0.2474,2.5785,1.5856,0
1779884145.0639741,2026-05-27T20:15:45.063975,0,0.2478,2.5781,1.5857,0
1779884145.1662922,2026-05-27T20:15:45.166294,1,0.2478,2.5781,1.5857,0
,2026-05-27T20:15:45.227578,FORCE_LOST,0.24777503311634064,2.5780961513519287,1.585654854774475,
1779884145.2617025,2026-05-27T20:15:45.261704,1,0.2478,2.5781,1.5857,0
1779884145.3590586,2026-05-27T20:15:45.359060,1,0.2478,2.5781,1.5857,0
1779884145.4613235,2026-05-27T20:15:45.461326,1,0.2478,2.5781,1.5857,0
1779884145.5588949,2026-05-27T20:15:45.558896,1,0.2478,2.5781,1.5857,0
1779884145.6600845,2026-05-27T20:15:45.660086,1,0.2478,2.5781,1.5857,0
1779884145.7596745,2026-05-27T20:15:45.759677,1,0.2478,2.5781,1.5857,0
1779884145.8600721,2026-05-27T20:15:45.860073,1,0.2478,2.5781,1.5857,0
1779884145.9598455,2026-05-27T20:15:45.959847,1,0.2478,2.5781,1.5857,0
1779884146.060579,2026-05-27T20:15:46.060580,1,0.2478,2.5781,1.5857,0
1779884146.1585708,2026-05-27T20:15:46.158572,1,0.2478,2.5781,1.5857,0
1779884146.2624311,2026-05-27T20:15:46.262433,1,0.2478,2.5781,1.5857,0
1779884146.3611429,2026-05-27T20:15:46.361144,1,0.2478,2.5781,1.5857,0
1779884146.4613047,2026-05-27T20:15:46.461306,1,0.2478,2.5781,1.5857,0
1779884146.5606148,2026-05-27T20:15:46.560617,1,0.2478,2.5781,1.5857,0
1779884146.6594574,2026-05-27T20:15:46.659459,1,0.2478,2.5781,1.5857,0
1779884146.7596686,2026-05-27T20:15:46.759670,1,0.2478,2.5781,1.5857,0
1779884146.8594284,2026-05-27T20:15:46.859430,1,0.2478,2.5781,1.5857,0
1779884146.9610102,2026-05-27T20:15:46.961011,1,0.2478,2.5781,1.5857,0
1779884147.0592387,2026-05-27T20:15:47.059240,1,0.2478,2.5781,1.5857,0
1779884147.1603324,2026-05-27T20:15:47.160334,1,0.2478,2.5781,1.5857,0
1779884147.26134,2026-05-27T20:15:47.261341,1,0.2478,2.5781,1.5857,0
1779884147.3593445,2026-05-27T20:15:47.359346,1,0.2478,2.5781,1.5857,0
1779884147.4590585,2026-05-27T20:15:47.459060,1,0.2478,2.5781,1.5857,0
1779884147.5610065,2026-05-27T20:15:47.561008,1,0.2478,2.5781,1.5857,0
1779884147.7160275,2026-05-27T20:15:47.716029,1,0.2478,2.5781,1.5857,1
1779884147.766992,2026-05-27T20:15:47.766993,0,0.2502,2.6021,1.5832,0
1779884147.867093,2026-05-27T20:15:47.867094,0,0.2515,2.6001,1.5842,0
1779884147.968044,2026-05-27T20:15:47.968046,0,0.2515,2.6001,1.5842,0
1779884148.0668938,2026-05-27T20:15:48.066895,0,0.2516,2.5995,1.5843,0
1779884148.1681874,2026-05-27T20:15:48.168189,0,0.2517,2.5986,1.5843,0
1779884148.269919,2026-05-27T20:15:48.269920,0,0.2518,2.5977,1.5845,0
1779884148.3664634,2026-05-27T20:15:48.366465,0,0.2516,2.5963,1.5846,0
1779884148.4666388,2026-05-27T20:15:48.466641,0,0.2516,2.5963,1.5846,0
1779884148.5658355,2026-05-27T20:15:48.565837,0,0.2510,2.5943,1.5846,0
1779884148.66648,2026-05-27T20:15:48.666481,0,0.2508,2.5934,1.5846,0
1779884148.7665243,2026-05-27T20:15:48.766526,0,0.2508,2.5934,1.5846,0
1779884148.8665054,2026-05-27T20:15:48.866506,0,0.2501,2.5920,1.5846,0
1779884148.9656372,2026-05-27T20:15:48.965638,0,0.2496,2.5914,1.5846,0
1779884149.0654173,2026-05-27T20:15:49.065419,0,0.2496,2.5914,1.5846,0
1779884149.1682682,2026-05-27T20:15:49.168270,0,0.2493,2.5902,1.5847,0
1779884149.2651892,2026-05-27T20:15:49.265191,1,0.2493,2.5902,1.5847,0
1779884149.3616614,2026-05-27T20:15:49.361663,0,0.2493,2.5902,1.5847,0
1779884149.469517,2026-05-27T20:15:49.469518,0,0.2256,2.5800,1.5771,0
1779884149.567072,2026-05-27T20:15:49.567073,0,0.2261,2.5799,1.5773,0
1779884149.6646407,2026-05-27T20:15:49.664642,0,0.2270,2.5799,1.5777,0
1779884149.7649646,2026-05-27T20:15:49.764966,1,0.2270,2.5799,1.5777,0
1779884149.8612988,2026-05-27T20:15:49.861300,0,0.2243,2.5852,1.5814,0
1779884149.9688451,2026-05-27T20:15:49.968846,0,0.2245,2.5852,1.5816,0
1779884150.066684,2026-05-27T20:15:50.066685,0,0.2251,2.5851,1.5819,0
1779884150.1673641,2026-05-27T20:15:50.167365,0,0.2261,2.5849,1.5820,0
1779884150.264719,2026-05-27T20:15:50.264720,0,0.2273,2.5847,1.5822,1
1779884150.3647466,2026-05-27T20:15:50.364748,0,0.2273,2.5847,1.5822,0
1779884150.4669876,2026-05-27T20:15:50.466989,0,0.2301,2.5845,1.5824,0
1779884150.566979,2026-05-27T20:15:50.566980,0,0.2311,2.5840,1.5824,0
1779884150.6656022,2026-05-27T20:15:50.665604,0,0.2318,2.5838,1.5825,0
1779884150.7650266,2026-05-27T20:15:50.765028,0,0.2328,2.5837,1.5827,0
1779884150.863297,2026-05-27T20:15:50.863298,0,0.2340,2.5834,1.5829,0
1779884150.9655085,2026-05-27T20:15:50.965509,0,0.2350,2.5835,1.5831,0
1779884151.0651205,2026-05-27T20:15:51.065122,0,0.2350,2.5835,1.5831,0
1779884151.165535,2026-05-27T20:15:51.165536,0,0.2367,2.5833,1.5833,0
1779884151.268787,2026-05-27T20:15:51.268788,0,0.2374,2.5833,1.5834,0
1779884151.3670883,2026-05-27T20:15:51.367090,0,0.2380,2.5833,1.5835,0
1779884151.4659584,2026-05-27T20:15:51.465960,0,0.2381,2.5834,1.5836,0
1779884151.5645146,2026-05-27T20:15:51.564516,0,0.2383,2.5835,1.5837,0
1779884151.6639078,2026-05-27T20:15:51.663909,0,0.2382,2.5837,1.5837,0
1779884151.7672334,2026-05-27T20:15:51.767234,0,0.2381,2.5836,1.5838,0
1779884151.865135,2026-05-27T20:15:51.865136,1,0.2381,2.5836,1.5838,0
1779884151.9602675,2026-05-27T20:15:51.960269,0,0.2210,2.5898,1.5784,0
1779884152.0715559,2026-05-27T20:15:52.071557,0,0.2212,2.5898,1.5787,0
1779884152.1666367,2026-05-27T20:15:52.166638,0,0.2218,2.5896,1.5790,0
1779884152.2679842,2026-05-27T20:15:52.267985,0,0.2228,2.5895,1.5793,0
1779884152.3650064,2026-05-27T20:15:52.365008,0,0.2241,2.5889,1.5796,0
1779884152.464525,2026-05-27T20:15:52.464527,0,0.2241,2.5889,1.5796,0
1779884152.5642498,2026-05-27T20:15:52.564252,0,0.2252,2.5884,1.5799,1
1779884152.6658475,2026-05-27T20:15:52.665849,0,0.2274,2.5878,1.5803,0
1779884152.7679915,2026-05-27T20:15:52.767992,0,0.2286,2.5877,1.5805,0
1779884152.8641899,2026-05-27T20:15:52.864191,0,0.2298,2.5875,1.5807,0
1779884152.9638746,2026-05-27T20:15:52.963875,0,0.2309,2.5872,1.5809,0
1779884153.0667703,2026-05-27T20:15:53.066772,0,0.2320,2.5872,1.5812,0
1779884153.1653216,2026-05-27T20:15:53.165322,0,0.2332,2.5871,1.5813,0
1779884153.268524,2026-05-27T20:15:53.268525,0,0.2343,2.5870,1.5816,0
1779884153.3655703,2026-05-27T20:15:53.365571,0,0.2350,2.5870,1.5817,0
1779884153.5092666,2026-05-27T20:15:53.509268,0,0.2355,2.5872,1.5817,0
1779884153.5740278,2026-05-27T20:15:53.574029,0,0.2362,2.5872,1.5819,0
1779884153.6639574,2026-05-27T20:15:53.663959,0,0.2370,2.5871,1.5821,0
1779884153.7658937,2026-05-27T20:15:53.765895,0,0.2377,2.5869,1.5822,0
1779884153.8676403,2026-05-27T20:15:53.867641,0,0.2384,2.5866,1.5824,0
1779884153.9659564,2026-05-27T20:15:53.965960,0,0.2388,2.5862,1.5824,0
1779884154.067799,2026-05-27T20:15:54.067800,0,0.2396,2.5858,1.5826,0
,2026-05-27T20:15:54.118267,FORCE_LOST,0.23959320783615112,2.5857574939727783,1.582640051841736,
1779884154.1631958,2026-05-27T20:15:54.163197,1,0.2396,2.5858,1.5826,0
1779884154.2582426,2026-05-27T20:15:54.258244,1,0.2396,2.5858,1.5826,0
1779884154.3585682,2026-05-27T20:15:54.358570,1,0.2396,2.5858,1.5826,0
1779884154.463475,2026-05-27T20:15:54.463476,1,0.2396,2.5858,1.5826,0
1779884154.5586762,2026-05-27T20:15:54.558681,1,0.2396,2.5858,1.5826,0
1779884154.6622858,2026-05-27T20:15:54.662287,1,0.2396,2.5858,1.5826,0
1779884154.7595358,2026-05-27T20:15:54.759537,1,0.2396,2.5858,1.5826,0
1779884154.859637,2026-05-27T20:15:54.859638,1,0.2396,2.5858,1.5826,0
1779884154.9590805,2026-05-27T20:15:54.959082,1,0.2396,2.5858,1.5826,0
1779884155.0842266,2026-05-27T20:15:55.084228,0,0.2472,2.6131,1.5856,1
1779884155.1659749,2026-05-27T20:15:55.165976,1,0.2472,2.6131,1.5856,0
1779884155.2642653,2026-05-27T20:15:55.264266,0,0.2408,2.5917,1.5821,0
1779884155.3670273,2026-05-27T20:15:55.367028,0,0.2409,2.5916,1.5822,0
1779884155.4660943,2026-05-27T20:15:55.466096,0,0.2410,2.5914,1.5824,0
1779884155.566077,2026-05-27T20:15:55.566078,0,0.2413,2.5909,1.5825,0
1779884155.6669672,2026-05-27T20:15:55.666968,0,0.2417,2.5903,1.5827,0
1779884155.767072,2026-05-27T20:15:55.767073,0,0.2421,2.5896,1.5828,0
1779884155.8657923,2026-05-27T20:15:55.865794,0,0.2421,2.5896,1.5828,0
1779884155.965955,2026-05-27T20:15:55.965956,0,0.2428,2.5883,1.5831,0
1779884156.0645413,2026-05-27T20:15:56.064542,0,0.2432,2.5877,1.5832,0
1779884156.165504,2026-05-27T20:15:56.165505,0,0.2435,2.5870,1.5833,0
1779884156.2671752,2026-05-27T20:15:56.267176,0,0.2440,2.5863,1.5834,0
1779884156.3683546,2026-05-27T20:15:56.368356,0,0.2446,2.5857,1.5836,0
1779884156.4639516,2026-05-27T20:15:56.463953,0,0.2449,2.5852,1.5836,0
1779884156.5664914,2026-05-27T20:15:56.566493,0,0.2449,2.5847,1.5837,0
1779884156.6654456,2026-05-27T20:15:56.665447,0,0.2451,2.5845,1.5837,0
1779884156.7647111,2026-05-27T20:15:56.764712,0,0.2455,2.5842,1.5839,0
1779884156.865478,2026-05-27T20:15:56.865480,0,0.2458,2.5839,1.5840,0
1779884156.9655895,2026-05-27T20:15:56.965591,0,0.2464,2.5836,1.5841,0
1779884157.065375,2026-05-27T20:15:57.065376,0,0.2464,2.5836,1.5841,0
1779884157.1657262,2026-05-27T20:15:57.165727,0,0.2475,2.5831,1.5845,0
1779884157.2655706,2026-05-27T20:15:57.265572,0,0.2482,2.5826,1.5848,0
1779884157.3660448,2026-05-27T20:15:57.366046,0,0.2487,2.5822,1.5850,1
1779884157.467035,2026-05-27T20:15:57.467036,0,0.2489,2.5818,1.5851,0
1779884157.5637486,2026-05-27T20:15:57.563750,0,0.2488,2.5815,1.5850,0
1779884157.6662965,2026-05-27T20:15:57.666297,0,0.2489,2.5812,1.5851,0
1779884157.7666261,2026-05-27T20:15:57.766628,0,0.2491,2.5808,1.5852,0
1779884157.8684795,2026-05-27T20:15:57.868481,0,0.2489,2.5808,1.5853,0
1779884157.965553,2026-05-27T20:15:57.965554,0,0.2486,2.5808,1.5852,0
1779884158.0659208,2026-05-27T20:15:58.065922,0,0.2483,2.5811,1.5852,0
1779884158.1669414,2026-05-27T20:15:58.166942,0,0.2480,2.5811,1.5853,0
1779884158.265675,2026-05-27T20:15:58.265676,1,0.2480,2.5811,1.5853,0
1779884158.3604407,2026-05-27T20:15:58.360442,0,0.2435,2.5762,1.5844,0
1779884158.4714096,2026-05-27T20:15:58.471411,0,0.2435,2.5762,1.5843,0
1779884158.5648384,2026-05-27T20:15:58.564840,0,0.2436,2.5762,1.5844,0
1779884158.6656504,2026-05-27T20:15:58.665651,0,0.2436,2.5762,1.5845,0
1779884158.7655792,2026-05-27T20:15:58.765581,0,0.2441,2.5763,1.5847,0
1779884158.8668835,2026-05-27T20:15:58.866885,0,0.2443,2.5767,1.5847,0
1779884158.965512,2026-05-27T20:15:58.965513,0,0.2445,2.5769,1.5848,0
1779884159.067419,2026-05-27T20:15:59.067420,0,0.2447,2.5769,1.5847,0
1779884159.1665626,2026-05-27T20:15:59.166564,0,0.2447,2.5769,1.5847,0
1779884159.2659106,2026-05-27T20:15:59.265912,0,0.2451,2.5772,1.5848,0
1779884159.36543,2026-05-27T20:15:59.365432,0,0.2452,2.5774,1.5848,0
1779884159.4663675,2026-05-27T20:15:59.466369,0,0.2455,2.5777,1.5849,0
1779884159.5661755,2026-05-27T20:15:59.566176,0,0.2458,2.5778,1.5850,0
1779884159.6665194,2026-05-27T20:15:59.666520,0,0.2458,2.5780,1.5850,0
1779884159.7661142,2026-05-27T20:15:59.766115,0,0.2461,2.5784,1.5850,0
1779884159.8655005,2026-05-27T20:15:59.865502,0,0.2459,2.5786,1.5849,1
1779884159.9638727,2026-05-27T20:15:59.963874,0,0.2457,2.5787,1.5849,0
1779884160.0657597,2026-05-27T20:16:00.065761,0,0.2456,2.5791,1.5849,0
1779884160.1660697,2026-05-27T20:16:00.166071,0,0.2453,2.5791,1.5849,0
1779884160.2678556,2026-05-27T20:16:00.267857,0,0.2453,2.5791,1.5849,0
1779884160.3662126,2026-05-27T20:16:00.366214,0,0.2449,2.5793,1.5848,0
1779884160.466016,2026-05-27T20:16:00.466017,0,0.2449,2.5793,1.5848,0
1779884160.564689,2026-05-27T20:16:00.564690,1,0.2449,2.5796,1.5849,0
1779884160.660113,2026-05-27T20:16:00.660114,0,0.2046,2.5899,1.5716,0
1779884160.7682567,2026-05-27T20:16:00.768257,0,0.2048,2.5899,1.5721,0
1779884160.8666298,2026-05-27T20:16:00.866631,0,0.2055,2.5898,1.5725,0
1779884160.9681356,2026-05-27T20:16:00.968137,1,0.2055,2.5898,1.5725,0
1779884161.0602303,2026-05-27T20:16:01.060231,0,0.2205,2.5917,1.5785,0
1779884161.167363,2026-05-27T20:16:01.167364,0,0.2207,2.5917,1.5786,0
1779884161.2674563,2026-05-27T20:16:01.267458,0,0.2207,2.5917,1.5786,0
1779884161.366214,2026-05-27T20:16:01.366215,0,0.2220,2.5913,1.5790,0
1779884161.4662557,2026-05-27T20:16:01.466257,0,0.2231,2.5910,1.5793,0
1779884161.565978,2026-05-27T20:16:01.565980,0,0.2249,2.5904,1.5796,0
1779884161.6668265,2026-05-27T20:16:01.666827,0,0.2263,2.5893,1.5799,0
1779884161.7687979,2026-05-27T20:16:01.768799,0,0.2276,2.5888,1.5800,0
1779884161.8650568,2026-05-27T20:16:01.865058,0,0.2291,2.5879,1.5803,0
1779884161.9702387,2026-05-27T20:16:01.970240,0,0.2306,2.5873,1.5805,0
1779884162.0658567,2026-05-27T20:16:02.065858,0,0.2319,2.5869,1.5807,0
1779884162.1651359,2026-05-27T20:16:02.165137,0,0.2328,2.5867,1.5809,1
1779884162.2661178,2026-05-27T20:16:02.266119,0,0.2337,2.5864,1.5811,0
1779884162.3652847,2026-05-27T20:16:02.365286,0,0.2344,2.5864,1.5813,0
1779884162.4652858,2026-05-27T20:16:02.465287,0,0.2350,2.5861,1.5815,0
1779884162.5663025,2026-05-27T20:16:02.566304,0,0.2354,2.5857,1.5815,0
1779884162.6659071,2026-05-27T20:16:02.665908,0,0.2357,2.5849,1.5816,0
1779884162.763583,2026-05-27T20:16:02.763584,0,0.2360,2.5843,1.5818,0
1779884162.8637073,2026-05-27T20:16:02.863709,0,0.2360,2.5841,1.5818,0
1779884162.9649262,2026-05-27T20:16:02.964927,0,0.2364,2.5844,1.5819,0
1779884163.0650532,2026-05-27T20:16:03.065054,0,0.2371,2.5847,1.5821,0
1779884163.163015,2026-05-27T20:16:03.163016,0,0.2376,2.5850,1.5823,0
1779884163.2651541,2026-05-27T20:16:03.265155,0,0.2382,2.5849,1.5824,0
1779884163.3655107,2026-05-27T20:16:03.365512,0,0.2383,2.5844,1.5824,0
1779884163.4635465,2026-05-27T20:16:03.463548,0,0.2387,2.5840,1.5826,0
1779884163.5641913,2026-05-27T20:16:03.564193,0,0.2387,2.5840,1.5826,0
1779884163.6673536,2026-05-27T20:16:03.667354,0,0.2400,2.5836,1.5828,0
1779884163.8110225,2026-05-27T20:16:03.811024,0,0.2406,2.5835,1.5830,0
1779884163.8719995,2026-05-27T20:16:03.872003,0,0.2413,2.5834,1.5832,0
1779884163.9654603,2026-05-27T20:16:03.965462,0,0.2421,2.5833,1.5834,0
1779884164.065156,2026-05-27T20:16:04.065157,0,0.2422,2.5830,1.5834,0
1779884164.1661286,2026-05-27T20:16:04.166130,0,0.2425,2.5827,1.5834,0
1779884164.265281,2026-05-27T20:16:04.265283,0,0.2428,2.5826,1.5835,0
1779884164.3655174,2026-05-27T20:16:04.365519,0,0.2429,2.5825,1.5835,0
1779884164.4625506,2026-05-27T20:16:04.462552,1,0.2429,2.5825,1.5835,0
,2026-05-27T20:16:04.522430,FORCE_LOST,0.2428932636976242,2.582505226135254,1.5835354328155522,
1779884164.5575645,2026-05-27T20:16:04.557566,1,0.2429,2.5825,1.5835,1
1779884164.6660163,2026-05-27T20:16:04.666018,0,0.2429,2.5825,1.5835,0
1779884164.7695596,2026-05-27T20:16:04.769561,0,0.2361,2.6224,1.5876,0
1779884164.8645716,2026-05-27T20:16:04.864573,0,0.2363,2.6217,1.5876,0
1779884164.964994,2026-05-27T20:16:04.964996,0,0.2369,2.6203,1.5877,0
1779884165.067065,2026-05-27T20:16:05.067066,0,0.2376,2.6183,1.5877,0
1779884165.1669502,2026-05-27T20:16:05.166951,0,0.2384,2.6158,1.5876,0
1779884165.266374,2026-05-27T20:16:05.266376,0,0.2384,2.6158,1.5876,0
1779884165.3659039,2026-05-27T20:16:05.365905,0,0.2397,2.6109,1.5874,0
1779884165.4663124,2026-05-27T20:16:05.466314,0,0.2397,2.6109,1.5874,0
1779884165.5656602,2026-05-27T20:16:05.565662,0,0.2405,2.6066,1.5873,0
1779884165.6655843,2026-05-27T20:16:05.665586,1,0.2405,2.6066,1.5873,0
1779884165.7601886,2026-05-27T20:16:05.760190,0,0.2405,2.6066,1.5873,0
1779884165.8681633,2026-05-27T20:16:05.868164,0,0.2343,2.5786,1.5832,0
1779884165.9653375,2026-05-27T20:16:05.965339,0,0.2345,2.5786,1.5833,0
1779884166.0665228,2026-05-27T20:16:06.066524,0,0.2351,2.5788,1.5833,0
1779884166.1664858,2026-05-27T20:16:06.166487,0,0.2361,2.5789,1.5835,0
1779884166.2662065,2026-05-27T20:16:06.266208,0,0.2372,2.5789,1.5836,0
1779884166.3665383,2026-05-27T20:16:06.366539,0,0.2385,2.5789,1.5838,0
1779884166.4699466,2026-05-27T20:16:06.469948,0,0.2392,2.5785,1.5838,0
1779884166.5667377,2026-05-27T20:16:06.566739,0,0.2400,2.5780,1.5839,0
1779884166.6667507,2026-05-27T20:16:06.666752,0,0.2410,2.5775,1.5841,0
1779884166.766336,2026-05-27T20:16:06.766337,0,0.2417,2.5772,1.5842,0
1779884166.8658936,2026-05-27T20:16:06.865895,0,0.2422,2.5771,1.5843,0
1779884166.9661825,2026-05-27T20:16:06.966184,0,0.2426,2.5769,1.5844,0
1779884167.065196,2026-05-27T20:16:07.065198,0,0.2426,2.5769,1.5844,1
1779884167.1670666,2026-05-27T20:16:07.167068,0,0.2434,2.5774,1.5846,0
1779884167.2662404,2026-05-27T20:16:07.266241,0,0.2436,2.5774,1.5845,0
1779884167.366261,2026-05-27T20:16:07.366262,0,0.2437,2.5774,1.5846,0
1779884167.464663,2026-05-27T20:16:07.464664,0,0.2438,2.5773,1.5845,0
1779884167.566821,2026-05-27T20:16:07.566822,0,0.2438,2.5773,1.5845,0
1779884167.6645956,2026-05-27T20:16:07.664597,0,0.2440,2.5775,1.5846,0
1779884167.764913,2026-05-27T20:16:07.764914,0,0.2442,2.5779,1.5847,0
1779884167.8664303,2026-05-27T20:16:07.866431,0,0.2441,2.5783,1.5848,0
1779884167.9686425,2026-05-27T20:16:07.968644,0,0.2442,2.5787,1.5848,0
1779884168.0664096,2026-05-27T20:16:08.066411,0,0.2444,2.5789,1.5849,0
1779884168.1675587,2026-05-27T20:16:08.167560,0,0.2445,2.5791,1.5849,0
1779884168.2725208,2026-05-27T20:16:08.272522,0,0.2449,2.5793,1.5850,0
1779884168.3882565,2026-05-27T20:16:08.388258,0,0.2452,2.5794,1.5852,0
1779884168.4697142,2026-05-27T20:16:08.469715,0,0.2452,2.5794,1.5852,0
1779884168.5659153,2026-05-27T20:16:08.565917,0,0.2460,2.5799,1.5853,0
1779884168.6625216,2026-05-27T20:16:08.662523,0,0.2460,2.5802,1.5853,0
1779884168.7663438,2026-05-27T20:16:08.766345,0,0.2459,2.5804,1.5854,0
1779884168.8646247,2026-05-27T20:16:08.864626,0,0.2461,2.5805,1.5854,0
1779884168.9707806,2026-05-27T20:16:08.970782,0,0.2464,2.5807,1.5856,0
,2026-05-27T20:16:08.985998,FORCE_LOST,0.2463628500699997,2.5807018280029297,1.5855664014816282,
1779884169.0644636,2026-05-27T20:16:09.064464,1,0.2464,2.5807,1.5856,0
1779884169.158527,2026-05-27T20:16:09.158529,1,0.2464,2.5807,1.5856,0
1779884169.2578127,2026-05-27T20:16:09.257814,1,0.2464,2.5807,1.5856,0
1779884169.3598883,2026-05-27T20:16:09.359890,1,0.2464,2.5807,1.5856,0
1779884169.4730291,2026-05-27T20:16:09.473030,0,0.2334,2.6203,1.5848,1
1779884169.567547,2026-05-27T20:16:09.567549,0,0.2361,2.5994,1.5825,0
1779884169.6665478,2026-05-27T20:16:09.666549,0,0.2364,2.5991,1.5826,0
1779884169.7651124,2026-05-27T20:16:09.765113,0,0.2369,2.5980,1.5827,0
1779884169.8655796,2026-05-27T20:16:09.865581,0,0.2373,2.5968,1.5827,0
1779884169.964957,2026-05-27T20:16:09.964959,0,0.2378,2.5954,1.5827,0
1779884170.0663075,2026-05-27T20:16:10.066309,0,0.2382,2.5939,1.5828,0
1779884170.1645174,2026-05-27T20:16:10.164519,0,0.2387,2.5929,1.5829,0
1779884170.2667463,2026-05-27T20:16:10.266748,0,0.2394,2.5920,1.5830,0
1779884170.3656456,2026-05-27T20:16:10.365647,0,0.2394,2.5920,1.5830,0
1779884170.4643817,2026-05-27T20:16:10.464383,0,0.2406,2.5900,1.5832,0
1779884170.5642195,2026-05-27T20:16:10.564221,0,0.2411,2.5889,1.5832,0
1779884170.665927,2026-05-27T20:16:10.665928,0,0.2418,2.5882,1.5832,0
1779884170.7648535,2026-05-27T20:16:10.764854,0,0.2421,2.5876,1.5834,0
1779884170.864581,2026-05-27T20:16:10.864583,0,0.2425,2.5875,1.5836,0
1779884170.9678345,2026-05-27T20:16:10.967836,0,0.2429,2.5872,1.5838,0
1779884171.0665812,2026-05-27T20:16:11.066582,0,0.2428,2.5870,1.5839,0
1779884171.1650152,2026-05-27T20:16:11.165016,0,0.2429,2.5873,1.5838,0
1779884171.2664256,2026-05-27T20:16:11.266427,0,0.2432,2.5873,1.5840,0
1779884171.3640904,2026-05-27T20:16:11.364092,0,0.2432,2.5871,1.5840,0
1779884171.4661405,2026-05-27T20:16:11.466142,0,0.2434,2.5870,1.5840,0
1779884171.5635498,2026-05-27T20:16:11.563551,0,0.2433,2.5870,1.5841,0
1779884171.6666672,2026-05-27T20:16:11.666668,0,0.2433,2.5870,1.5841,0
1779884171.765845,2026-05-27T20:16:11.765846,0,0.2434,2.5869,1.5842,0
1779884171.8628623,2026-05-27T20:16:11.862863,0,0.2436,2.5868,1.5842,1
1779884171.9615235,2026-05-27T20:16:11.961524,0,0.2436,2.5866,1.5841,0
1779884172.0644107,2026-05-27T20:16:12.064412,0,0.2436,2.5863,1.5840,0
1779884172.1643,2026-05-27T20:16:12.164301,0,0.2437,2.5862,1.5841,0
1779884172.2633233,2026-05-27T20:16:12.263324,0,0.2435,2.5859,1.5840,0
1779884172.3623269,2026-05-27T20:16:12.362328,0,0.2435,2.5855,1.5839,0
1779884172.4659975,2026-05-27T20:16:12.465998,0,0.2434,2.5850,1.5839,0
1779884172.5632424,2026-05-27T20:16:12.563244,0,0.2434,2.5842,1.5840,0
1779884172.663108,2026-05-27T20:16:12.663109,0,0.2438,2.5837,1.5841,0
1779884172.764656,2026-05-27T20:16:12.764657,0,0.2444,2.5832,1.5843,0
1779884172.8620229,2026-05-27T20:16:12.862024,0,0.2449,2.5827,1.5843,0
1779884172.9646776,2026-05-27T20:16:12.964679,0,0.2455,2.5822,1.5845,0
1779884173.063091,2026-05-27T20:16:13.063092,0,0.2462,2.5819,1.5846,0
1779884173.1623375,2026-05-27T20:16:13.162339,0,0.2469,2.5814,1.5847,0
1779884173.264652,2026-05-27T20:16:13.264653,0,0.2474,2.5813,1.5848,0
1779884173.3629587,2026-05-27T20:16:13.362960,0,0.2479,2.5811,1.5849,0
1779884173.463627,2026-05-27T20:16:13.463628,0,0.2483,2.5806,1.5850,0
1779884173.5639603,2026-05-27T20:16:13.563962,0,0.2485,2.5803,1.5850,0
1779884173.6635976,2026-05-27T20:16:13.663599,0,0.2486,2.5801,1.5851,0
1779884173.7640789,2026-05-27T20:16:13.764080,0,0.2486,2.5793,1.5852,0
1779884173.8645492,2026-05-27T20:16:13.864551,0,0.2484,2.5782,1.5851,0
1779884173.9652898,2026-05-27T20:16:13.965291,0,0.2479,2.5778,1.5850,0
1779884174.0651674,2026-05-27T20:16:14.065168,0,0.2477,2.5775,1.5850,0
1779884174.1642063,2026-05-27T20:16:14.164208,0,0.2476,2.5772,1.5851,0
1779884174.2660935,2026-05-27T20:16:14.266094,0,0.2472,2.5770,1.5850,0
1779884174.3639078,2026-05-27T20:16:14.363909,0,0.2469,2.5770,1.5850,0
1779884174.4622142,2026-05-27T20:16:14.462216,0,0.2468,2.5769,1.5852,0
1779884174.5661633,2026-05-27T20:16:14.566165,0,0.2469,2.5769,1.5851,0
1779884174.6668324,2026-05-27T20:16:14.666833,0,0.2472,2.5767,1.5853,0
1779884174.788491,2026-05-27T20:16:14.788492,0,0.2477,2.5768,1.5854,0
1779884174.8774776,2026-05-27T20:16:14.877479,0,0.2481,2.5769,1.5856,0
1779884174.9664826,2026-05-27T20:16:14.966483,0,0.2489,2.5767,1.5858,0
1779884175.0635881,2026-05-27T20:16:15.063589,0,0.2495,2.5768,1.5859,0
1779884175.1628745,2026-05-27T20:16:15.162876,1,0.2495,2.5768,1.5859,0
1779884175.2622285,2026-05-27T20:16:15.262230,0,0.2026,2.5711,1.5735,0
1779884175.3687322,2026-05-27T20:16:15.368733,0,0.2029,2.5711,1.5739,0
1779884175.46613,2026-05-27T20:16:15.466131,0,0.2035,2.5712,1.5743,0
,2026-05-27T20:16:15.487099,FORCE_LOST,0.20347602665424347,2.571155071258545,1.5743039846420288,
1779884175.565098,2026-05-27T20:16:15.565100,1,0.2035,2.5712,1.5743,0
1779884175.6590805,2026-05-27T20:16:15.659082,1,0.2035,2.5712,1.5743,0
1779884175.758869,2026-05-27T20:16:15.758871,1,0.2035,2.5712,1.5743,0
1779884175.858819,2026-05-27T20:16:15.858820,1,0.2035,2.5712,1.5743,0
1779884175.959668,2026-05-27T20:16:15.959669,1,0.2035,2.5712,1.5743,0
1779884176.0603418,2026-05-27T20:16:16.060343,1,0.2035,2.5712,1.5743,0
1779884176.1606977,2026-05-27T20:16:16.160699,1,0.2035,2.5712,1.5743,0
1779884176.2604802,2026-05-27T20:16:16.260482,1,0.2035,2.5712,1.5743,0
1779884176.358426,2026-05-27T20:16:16.358428,1,0.2035,2.5712,1.5743,0
1779884176.4587312,2026-05-27T20:16:16.458733,1,0.2035,2.5712,1.5743,0
1779884176.5598133,2026-05-27T20:16:16.559814,1,0.2035,2.5712,1.5743,0
1779884176.6586635,2026-05-27T20:16:16.658665,1,0.2035,2.5712,1.5743,0
1779884176.7604165,2026-05-27T20:16:16.760418,1,0.2035,2.5712,1.5743,0
1779884176.8602035,2026-05-27T20:16:16.860205,1,0.2035,2.5712,1.5743,0
1779884176.9622378,2026-05-27T20:16:16.962239,1,0.2035,2.5712,1.5743,0
1779884177.0605192,2026-05-27T20:16:17.060522,1,0.2035,2.5712,1.5743,0
1779884177.1596768,2026-05-27T20:16:17.159679,1,0.2035,2.5712,1.5743,0
1779884177.26379,2026-05-27T20:16:17.263791,1,0.2035,2.5712,1.5743,0
1779884177.3604608,2026-05-27T20:16:17.360462,1,0.2035,2.5712,1.5743,0
1779884177.4597216,2026-05-27T20:16:17.459723,1,0.2035,2.5712,1.5743,0
1779884177.5638468,2026-05-27T20:16:17.563848,1,0.2035,2.5712,1.5743,0
1779884177.710718,2026-05-27T20:16:17.710720,0,0.2547,2.6859,1.5869,1
1779884177.7680924,2026-05-27T20:16:17.768094,0,0.2544,2.6455,1.5874,0
1779884177.8664114,2026-05-27T20:16:17.866413,0,0.2543,2.6439,1.5873,0
1779884177.9658542,2026-05-27T20:16:17.965855,0,0.2541,2.6412,1.5872,0
1779884178.0660706,2026-05-27T20:16:18.066072,0,0.2538,2.6379,1.5871,0
1779884178.1661484,2026-05-27T20:16:18.166150,0,0.2533,2.6340,1.5870,0
1779884178.2698164,2026-05-27T20:16:18.269818,0,0.2527,2.6304,1.5868,0
1779884178.3666956,2026-05-27T20:16:18.366697,0,0.2517,2.6270,1.5866,0
1779884178.4673405,2026-05-27T20:16:18.467342,0,0.2508,2.6239,1.5865,0
1779884178.5659533,2026-05-27T20:16:18.565954,0,0.2504,2.6207,1.5864,0
1779884178.7251697,2026-05-27T20:16:18.725171,0,0.2502,2.6177,1.5864,0
1779884178.783163,2026-05-27T20:16:18.783164,0,0.2504,2.6153,1.5865,0
1779884178.8687475,2026-05-27T20:16:18.868749,0,0.2504,2.6135,1.5866,0
1779884178.9658184,2026-05-27T20:16:18.965819,0,0.2502,2.6121,1.5865,0
1779884179.0655236,2026-05-27T20:16:19.065525,0,0.2503,2.6109,1.5865,0
1779884179.1645992,2026-05-27T20:16:19.164600,0,0.2505,2.6097,1.5867,0
1779884179.2657306,2026-05-27T20:16:19.265732,0,0.2501,2.6085,1.5865,0
,2026-05-27T20:16:19.358077,FORCE_LOST,0.2501393258571625,2.6085243225097656,1.5865188837051394,
1779884179.3674839,2026-05-27T20:16:19.367485,0,0.2501,2.6085,1.5865,0
1779884179.4636815,2026-05-27T20:16:19.463683,1,0.2501,2.6085,1.5865,0
1779884179.5584545,2026-05-27T20:16:19.558456,1,0.2501,2.6085,1.5865,0
1779884179.6616135,2026-05-27T20:16:19.661615,1,0.2501,2.6085,1.5865,0
1779884179.7611191,2026-05-27T20:16:19.761120,1,0.2501,2.6085,1.5865,0
1779884179.85876,2026-05-27T20:16:19.858762,1,0.2501,2.6085,1.5865,0
1779884179.958821,2026-05-27T20:16:19.958822,1,0.2501,2.6085,1.5865,0
1779884180.0594716,2026-05-27T20:16:20.059473,1,0.2501,2.6085,1.5865,0
1779884180.1793854,2026-05-27T20:16:20.179387,0,0.2451,2.5886,1.5877,1
1779884180.2635717,2026-05-27T20:16:20.263573,0,0.2451,2.5886,1.5877,0
1779884180.3672872,2026-05-27T20:16:20.367288,0,0.2524,2.5811,1.5881,0
1779884180.4655454,2026-05-27T20:16:20.465547,0,0.2525,2.5810,1.5882,0
1779884180.5665753,2026-05-27T20:16:20.566576,0,0.2524,2.5810,1.5881,0
1779884180.6649702,2026-05-27T20:16:20.664971,1,0.2524,2.5810,1.5881,0
1779884180.7598467,2026-05-27T20:16:20.759848,0,0.2109,2.5830,1.5774,0
1779884180.872757,2026-05-27T20:16:20.872758,0,0.2111,2.5830,1.5777,0
1779884180.9667647,2026-05-27T20:16:20.966766,0,0.2111,2.5830,1.5777,0
1779884181.0646045,2026-05-27T20:16:21.064606,0,0.2132,2.5829,1.5785,0
1779884181.166185,2026-05-27T20:16:21.166186,0,0.2146,2.5830,1.5786,0
1779884181.2653344,2026-05-27T20:16:21.265336,0,0.2146,2.5830,1.5786,0
1779884181.3655248,2026-05-27T20:16:21.365526,0,0.2180,2.5831,1.5792,0
1779884181.4661233,2026-05-27T20:16:21.466125,0,0.2204,2.5829,1.5795,0
1779884181.5651252,2026-05-27T20:16:21.565126,0,0.2225,2.5827,1.5798,0
1779884181.6654072,2026-05-27T20:16:21.665409,1,0.2225,2.5827,1.5798,0
1779884181.765516,2026-05-27T20:16:21.765517,0,0.2155,2.5930,1.5784,0
1779884181.8672376,2026-05-27T20:16:21.867239,0,0.2156,2.5929,1.5784,0
1779884181.9639857,2026-05-27T20:16:21.963987,0,0.2159,2.5929,1.5785,0
1779884182.0667026,2026-05-27T20:16:22.066704,0,0.2169,2.5928,1.5788,0
1779884182.1652875,2026-05-27T20:16:22.165289,0,0.2185,2.5924,1.5790,0
1779884182.315656,2026-05-27T20:16:22.315657,0,0.2185,2.5924,1.5790,0
1779884182.3821437,2026-05-27T20:16:22.382145,0,0.2223,2.5917,1.5798,0
1779884182.472349,2026-05-27T20:16:22.472350,0,0.2241,2.5913,1.5800,0
1779884182.5662367,2026-05-27T20:16:22.566238,0,0.2257,2.5909,1.5803,1
1779884182.6658406,2026-05-27T20:16:22.665842,0,0.2272,2.5904,1.5805,0
1779884182.764156,2026-05-27T20:16:22.764157,0,0.2287,2.5900,1.5808,0
1779884182.8653426,2026-05-27T20:16:22.865344,0,0.2299,2.5898,1.5810,0
,2026-05-27T20:16:22.959942,FORCE_LOST,0.22990453243255615,2.589841842651367,1.5810494422912598,
1779884182.96509,2026-05-27T20:16:22.965090,1,0.2299,2.5898,1.5810,0
1779884183.057287,2026-05-27T20:16:23.057288,1,0.2299,2.5898,1.5810,0
1779884183.1587963,2026-05-27T20:16:23.158798,1,0.2299,2.5898,1.5810,0
1779884183.257633,2026-05-27T20:16:23.257634,1,0.2299,2.5898,1.5810,0
1779884183.359652,2026-05-27T20:16:23.359654,1,0.2299,2.5898,1.5810,0
1779884183.4612837,2026-05-27T20:16:23.461285,1,0.2299,2.5898,1.5810,0
1779884183.6086683,2026-05-27T20:16:23.608670,1,0.2299,2.5898,1.5810,0
1779884183.6636653,2026-05-27T20:16:23.663667,1,0.2299,2.5898,1.5810,0
1779884183.7604272,2026-05-27T20:16:23.760429,1,0.2299,2.5898,1.5810,0
1779884183.8589883,2026-05-27T20:16:23.858989,1,0.2299,2.5898,1.5810,0
1779884183.959725,2026-05-27T20:16:23.959726,1,0.2299,2.5898,1.5810,0
1779884184.0624592,2026-05-27T20:16:24.062461,1,0.2299,2.5898,1.5810,0
1779884184.1596467,2026-05-27T20:16:24.159649,1,0.2299,2.5898,1.5810,0
,2026-05-27T20:16:24.239685,FORCE_LOST,0.22990453243255615,2.589841842651367,1.5810494422912598,
1779884184.2617872,2026-05-27T20:16:24.261789,1,0.2299,2.5898,1.5810,0
1779884184.3609095,2026-05-27T20:16:24.360911,1,0.2299,2.5898,1.5810,0
1779884184.4606557,2026-05-27T20:16:24.460657,1,0.2299,2.5898,1.5810,0
1779884184.5607715,2026-05-27T20:16:24.560776,1,0.2299,2.5898,1.5810,0
1779884184.662224,2026-05-27T20:16:24.662226,1,0.2299,2.5898,1.5810,0
1779884184.765109,2026-05-27T20:16:24.765110,1,0.2299,2.5898,1.5810,0
1779884184.8595407,2026-05-27T20:16:24.859542,1,0.2299,2.5898,1.5810,0
1779884185.0064702,2026-05-27T20:16:25.006472,1,0.2299,2.5898,1.5810,1
1779884185.064756,2026-05-27T20:16:25.064757,0,0.2315,2.6083,1.5803,0
1779884185.169032,2026-05-27T20:16:25.169033,0,0.2334,2.6077,1.5847,0
1779884185.268083,2026-05-27T20:16:25.268084,0,0.2336,2.6076,1.5848,0
1779884185.3644469,2026-05-27T20:16:25.364448,0,0.2340,2.6071,1.5848,0
1779884185.468065,2026-05-27T20:16:25.468066,0,0.2345,2.6062,1.5848,0
1779884185.5650275,2026-05-27T20:16:25.565029,0,0.2354,2.6048,1.5850,0
1779884185.6655457,2026-05-27T20:16:25.665547,0,0.2354,2.6048,1.5850,0
1779884185.7683258,2026-05-27T20:16:25.768327,0,0.2377,2.6014,1.5852,0
1779884185.8651881,2026-05-27T20:16:25.865189,0,0.2385,2.5998,1.5851,0
1779884185.9659166,2026-05-27T20:16:25.965918,0,0.2393,2.5983,1.5852,0
1779884186.0650005,2026-05-27T20:16:26.065001,0,0.2403,2.5970,1.5854,0
1779884186.1650567,2026-05-27T20:16:26.165058,0,0.2411,2.5959,1.5856,0
1779884186.2695847,2026-05-27T20:16:26.269586,0,0.2417,2.5948,1.5857,0
1779884186.365205,2026-05-27T20:16:26.365206,0,0.2419,2.5940,1.5856,0
1779884186.4666097,2026-05-27T20:16:26.466611,0,0.2424,2.5932,1.5855,0
1779884186.5659046,2026-05-27T20:16:26.565906,0,0.2427,2.5925,1.5855,0
1779884186.6665506,2026-05-27T20:16:26.666552,0,0.2430,2.5920,1.5856,0
1779884186.7645962,2026-05-27T20:16:26.764598,0,0.2431,2.5919,1.5856,0
1779884186.8643785,2026-05-27T20:16:26.864380,0,0.2432,2.5918,1.5856,0
1779884186.965511,2026-05-27T20:16:26.965512,0,0.2434,2.5918,1.5857,0
1779884187.0676215,2026-05-27T20:16:27.067622,0,0.2436,2.5917,1.5857,0
1779884187.1662254,2026-05-27T20:16:27.166227,0,0.2438,2.5912,1.5858,0
1779884187.264317,2026-05-27T20:16:27.264318,0,0.2438,2.5912,1.5858,0
1779884187.36533,2026-05-27T20:16:27.365331,0,0.2440,2.5894,1.5856,1
1779884187.471848,2026-05-27T20:16:27.471849,0,0.2440,2.5886,1.5857,0
1779884187.5654163,2026-05-27T20:16:27.565418,0,0.2438,2.5882,1.5856,0
1779884187.6649404,2026-05-27T20:16:27.664941,0,0.2436,2.5880,1.5856,0
1779884187.7648458,2026-05-27T20:16:27.764847,0,0.2437,2.5879,1.5856,0
1779884187.866168,2026-05-27T20:16:27.866170,0,0.2444,2.5879,1.5857,0
1779884187.9668674,2026-05-27T20:16:27.966869,0,0.2448,2.5879,1.5858,0
1779884188.0650904,2026-05-27T20:16:28.065092,0,0.2451,2.5878,1.5858,0
1779884188.1675408,2026-05-27T20:16:28.167542,0,0.2455,2.5878,1.5858,0
1779884188.2676232,2026-05-27T20:16:28.267625,0,0.2455,2.5878,1.5858,0
1779884188.4149015,2026-05-27T20:16:28.414903,0,0.2457,2.5876,1.5857,0
1779884188.4776611,2026-05-27T20:16:28.477663,0,0.2459,2.5875,1.5856,0
1779884188.5662475,2026-05-27T20:16:28.566249,0,0.2462,2.5870,1.5857,0
1779884188.6640348,2026-05-27T20:16:28.664036,1,0.2462,2.5870,1.5857,0
1779884188.7613027,2026-05-27T20:16:28.761304,0,0.2221,2.5834,1.5774,0
1779884188.868553,2026-05-27T20:16:28.868554,0,0.2222,2.5834,1.5776,0
1779884188.970001,2026-05-27T20:16:28.970002,0,0.2227,2.5833,1.5778,0
1779884189.0658963,2026-05-27T20:16:29.065897,0,0.2235,2.5833,1.5781,0
,2026-05-27T20:16:29.132738,FORCE_LOST,0.22348996996879578,2.583296060562134,1.5781252384185793,
1779884189.164428,2026-05-27T20:16:29.164430,1,0.2235,2.5833,1.5781,0
1779884189.2580986,2026-05-27T20:16:29.258101,1,0.2235,2.5833,1.5781,0
1779884189.3614416,2026-05-27T20:16:29.361443,1,0.2235,2.5833,1.5781,0
1779884189.460258,2026-05-27T20:16:29.460259,1,0.2235,2.5833,1.5781,0
1779884189.558191,2026-05-27T20:16:29.558192,1,0.2235,2.5833,1.5781,0
1779884189.699587,2026-05-27T20:16:29.699588,1,0.2235,2.5833,1.5781,0
1779884189.7659166,2026-05-27T20:16:29.765918,1,0.2235,2.5833,1.5781,0
1779884189.859474,2026-05-27T20:16:29.859475,1,0.2235,2.5833,1.5781,1
1779884189.9804738,2026-05-27T20:16:29.980475,0,0.2402,2.6002,1.5812,0
1779884190.0668354,2026-05-27T20:16:30.066837,0,0.2549,2.5874,1.5866,0
1779884190.1679595,2026-05-27T20:16:30.167960,0,0.2553,2.5868,1.5867,0
1779884190.26612,2026-05-27T20:16:30.266121,0,0.2555,2.5859,1.5867,0
1779884190.3643072,2026-05-27T20:16:30.364308,0,0.2553,2.5849,1.5866,0
,2026-05-27T20:16:30.414350,FORCE_LOST,0.25532788038253784,2.584911346435547,1.5866330862045288,
1779884190.4640856,2026-05-27T20:16:30.464087,1,0.2553,2.5849,1.5866,0
1779884190.5580578,2026-05-27T20:16:30.558059,1,0.2553,2.5849,1.5866,0
1779884190.659865,2026-05-27T20:16:30.659866,1,0.2553,2.5849,1.5866,0
1779884190.7589893,2026-05-27T20:16:30.758991,1,0.2553,2.5849,1.5866,0
1779884190.8590183,2026-05-27T20:16:30.859019,1,0.2553,2.5849,1.5866,0
1779884190.959379,2026-05-27T20:16:30.959380,1,0.2553,2.5849,1.5866,0
1779884191.063009,2026-05-27T20:16:31.063010,1,0.2553,2.5849,1.5866,0
1779884191.1590245,2026-05-27T20:16:31.159026,1,0.2553,2.5849,1.5866,0
1779884191.2597315,2026-05-27T20:16:31.259733,1,0.2553,2.5849,1.5866,0
1779884191.35841,2026-05-27T20:16:31.358411,1,0.2553,2.5849,1.5866,0
1779884191.4597251,2026-05-27T20:16:31.459726,1,0.2553,2.5849,1.5866,0
1779884191.5596435,2026-05-27T20:16:31.559645,1,0.2553,2.5849,1.5866,0
1779884191.6590278,2026-05-27T20:16:31.659029,1,0.2553,2.5849,1.5866,0
1779884191.7594755,2026-05-27T20:16:31.759477,1,0.2553,2.5849,1.5866,0
1779884191.8580832,2026-05-27T20:16:31.858085,1,0.2553,2.5849,1.5866,0
1779884191.9577281,2026-05-27T20:16:31.957730,1,0.2553,2.5849,1.5866,0
1779884192.0614853,2026-05-27T20:16:32.061487,1,0.2553,2.5849,1.5866,0
1779884192.1606975,2026-05-27T20:16:32.160699,1,0.2553,2.5849,1.5866,0
1779884192.2593637,2026-05-27T20:16:32.259365,1,0.2553,2.5849,1.5866,1
1779884192.4386733,2026-05-27T20:16:32.438674,0,0.2597,2.6102,1.5899,0
1779884192.4827116,2026-05-27T20:16:32.482713,0,0.2597,2.6102,1.5899,0
1779884192.565332,2026-05-27T20:16:32.565334,0,0.2562,2.6001,1.5891,0
1779884192.665611,2026-05-27T20:16:32.665612,0,0.2559,2.5991,1.5890,0
1779884192.764752,2026-05-27T20:16:32.764753,0,0.2559,2.5978,1.5889,0
1779884192.8651257,2026-05-27T20:16:32.865127,0,0.2555,2.5961,1.5888,0
1779884192.9652176,2026-05-27T20:16:32.965219,0,0.2552,2.5947,1.5887,0
1779884193.0696077,2026-05-27T20:16:33.069609,0,0.2549,2.5932,1.5885,0
,2026-05-27T20:16:33.102713,FORCE_LOST,0.25490862131118774,2.5932297706604004,1.5885286331176758,
1779884193.1626635,2026-05-27T20:16:33.162665,1,0.2549,2.5932,1.5885,0
1779884193.2577674,2026-05-27T20:16:33.257769,1,0.2549,2.5932,1.5885,0
1779884193.3597088,2026-05-27T20:16:33.359711,1,0.2549,2.5932,1.5885,0
1779884193.458911,2026-05-27T20:16:33.458913,1,0.2549,2.5932,1.5885,0
1779884193.5592427,2026-05-27T20:16:33.559244,1,0.2549,2.5932,1.5885,0
1779884193.6596599,2026-05-27T20:16:33.659661,1,0.2549,2.5932,1.5885,0
1779884193.7598917,2026-05-27T20:16:33.759893,1,0.2549,2.5932,1.5885,0
1779884193.8597784,2026-05-27T20:16:33.859780,1,0.2549,2.5932,1.5885,0
1779884193.9598854,2026-05-27T20:16:33.959887,1,0.2549,2.5932,1.5885,0
1779884194.0590487,2026-05-27T20:16:34.059050,1,0.2549,2.5932,1.5885,0
1779884194.1597257,2026-05-27T20:16:34.159727,1,0.2549,2.5932,1.5885,0
1779884194.2592003,2026-05-27T20:16:34.259201,1,0.2549,2.5932,1.5885,0
1779884194.360056,2026-05-27T20:16:34.360057,1,0.2549,2.5932,1.5885,0
1779884194.4621217,2026-05-27T20:16:34.462123,1,0.2549,2.5932,1.5885,0
1779884194.5614333,2026-05-27T20:16:34.561435,1,0.2549,2.5932,1.5885,0
1779884194.713165,2026-05-27T20:16:34.713166,1,0.2549,2.5932,1.5885,0
1779884194.7667089,2026-05-27T20:16:34.766710,1,0.2549,2.5932,1.5885,1
1779884194.905802,2026-05-27T20:16:34.905803,0,0.2506,2.6209,1.5864,0
1779884194.9669805,2026-05-27T20:16:34.966982,1,0.2506,2.6209,1.5864,0
1779884195.0627692,2026-05-27T20:16:35.062770,0,0.2067,2.5828,1.5770,0
1779884195.1666043,2026-05-27T20:16:35.166606,0,0.2069,2.5828,1.5771,0
1779884195.265635,2026-05-27T20:16:35.265636,0,0.2076,2.5828,1.5775,0
,2026-05-27T20:16:35.336720,FORCE_LOST,0.20764684677124023,2.5827648639678955,1.577520728111267,
1779884195.3633354,2026-05-27T20:16:35.363337,1,0.2076,2.5828,1.5775,0
1779884195.4592946,2026-05-27T20:16:35.459296,1,0.2076,2.5828,1.5775,0
1779884195.5583696,2026-05-27T20:16:35.558371,1,0.2076,2.5828,1.5775,0
1779884195.6594138,2026-05-27T20:16:35.659415,1,0.2076,2.5828,1.5775,0
1779884195.7609832,2026-05-27T20:16:35.760985,1,0.2076,2.5828,1.5775,0
1779884195.8635156,2026-05-27T20:16:35.863517,1,0.2076,2.5828,1.5775,0
1779884196.0047228,2026-05-27T20:16:36.004724,1,0.2076,2.5828,1.5775,0
1779884196.0681512,2026-05-27T20:16:36.068153,1,0.2076,2.5828,1.5775,0
1779884196.160389,2026-05-27T20:16:36.160399,1,0.2076,2.5828,1.5775,0
1779884196.2598026,2026-05-27T20:16:36.259804,1,0.2076,2.5828,1.5775,0
1779884196.3584158,2026-05-27T20:16:36.358417,1,0.2076,2.5828,1.5775,0
1779884196.4624872,2026-05-27T20:16:36.462489,1,0.2076,2.5828,1.5775,0
1779884196.559604,2026-05-27T20:16:36.559606,1,0.2076,2.5828,1.5775,0
,2026-05-27T20:16:36.615825,FORCE_LOST,0.20764684677124023,2.5827648639678955,1.577520728111267,
1779884196.6590939,2026-05-27T20:16:36.659095,1,0.2076,2.5828,1.5775,0
1779884196.7584805,2026-05-27T20:16:36.758482,1,0.2076,2.5828,1.5775,0
1779884196.8588588,2026-05-27T20:16:36.858860,1,0.2076,2.5828,1.5775,0
1779884196.958934,2026-05-27T20:16:36.958942,1,0.2076,2.5828,1.5775,0
1779884197.0602653,2026-05-27T20:16:37.060267,1,0.2076,2.5828,1.5775,0
1779884197.1604514,2026-05-27T20:16:37.160453,1,0.2076,2.5828,1.5775,0
1779884197.2907784,2026-05-27T20:16:37.290780,1,0.2076,2.5828,1.5775,1
1779884197.4144266,2026-05-27T20:16:37.414428,0,0.2328,2.6432,1.5822,0
1779884197.4704905,2026-05-27T20:16:37.470492,0,0.2403,2.6233,1.5841,0
1779884197.5667632,2026-05-27T20:16:37.566765,0,0.2408,2.6221,1.5842,0
1779884197.6662238,2026-05-27T20:16:37.666225,0,0.2411,2.6203,1.5843,0
1779884197.767303,2026-05-27T20:16:37.767304,0,0.2415,2.6178,1.5843,0
1779884197.8680482,2026-05-27T20:16:37.868049,0,0.2417,2.6155,1.5843,0
,2026-05-27T20:16:37.899532,FORCE_LOST,0.2417386919260025,2.6154932975769043,1.5842553377151491,
1779884197.9645624,2026-05-27T20:16:37.964564,1,0.2417,2.6155,1.5843,0
1779884198.0581348,2026-05-27T20:16:38.058136,1,0.2417,2.6155,1.5843,0
1779884198.157983,2026-05-27T20:16:38.157984,1,0.2417,2.6155,1.5843,0
1779884198.2600493,2026-05-27T20:16:38.260051,1,0.2417,2.6155,1.5843,0
1779884198.3600156,2026-05-27T20:16:38.360017,1,0.2417,2.6155,1.5843,0
1779884198.4600754,2026-05-27T20:16:38.460077,1,0.2417,2.6155,1.5843,0
1779884198.5975237,2026-05-27T20:16:38.597525,1,0.2417,2.6155,1.5843,0
1779884198.6670265,2026-05-27T20:16:38.667028,1,0.2417,2.6155,1.5843,0
1779884198.76218,2026-05-27T20:16:38.762182,1,0.2417,2.6155,1.5843,0
1779884198.8611372,2026-05-27T20:16:38.861139,1,0.2417,2.6155,1.5843,0
1779884198.9596531,2026-05-27T20:16:38.959654,1,0.2417,2.6155,1.5843,0
1779884199.0595665,2026-05-27T20:16:39.059568,1,0.2417,2.6155,1.5843,0
1779884199.1601925,2026-05-27T20:16:39.160194,1,0.2417,2.6155,1.5843,0
1779884199.2577226,2026-05-27T20:16:39.257724,1,0.2417,2.6155,1.5843,0
,2026-05-27T20:16:39.306160,FORCE_LOST,0.2417386919260025,2.6154932975769043,1.5842553377151491,
1779884199.3596466,2026-05-27T20:16:39.359649,1,0.2417,2.6155,1.5843,0
1779884199.4593503,2026-05-27T20:16:39.459352,1,0.2417,2.6155,1.5843,0
1779884199.5600688,2026-05-27T20:16:39.560070,1,0.2417,2.6155,1.5843,0
1779884199.6600814,2026-05-27T20:16:39.660083,1,0.2417,2.6155,1.5843,0
1779884199.8588753,2026-05-27T20:16:39.858876,0,0.2626,2.6080,1.5887,1
1779884199.894597,2026-05-27T20:16:39.894599,0,0.2530,2.5900,1.5858,0
1779884199.9704454,2026-05-27T20:16:39.970446,0,0.2529,2.5897,1.5859,0
1779884200.0665798,2026-05-27T20:16:40.066580,0,0.2526,2.5893,1.5858,0
1779884200.1675646,2026-05-27T20:16:40.167566,0,0.2521,2.5888,1.5858,0
1779884200.2653224,2026-05-27T20:16:40.265324,0,0.2515,2.5882,1.5857,0
1779884200.3663192,2026-05-27T20:16:40.366320,0,0.2510,2.5874,1.5858,0
1779884200.4648182,2026-05-27T20:16:40.464820,0,0.2505,2.5868,1.5857,0
,2026-05-27T20:16:40.491129,FORCE_LOST,0.25050386786460876,2.5867931842803955,1.5856878757476807,
1779884200.5631268,2026-05-27T20:16:40.563129,1,0.2505,2.5868,1.5857,0
1779884200.6622324,2026-05-27T20:16:40.662234,1,0.2505,2.5868,1.5857,0
1779884200.7581682,2026-05-27T20:16:40.758170,1,0.2505,2.5868,1.5857,0
1779884200.8603377,2026-05-27T20:16:40.860339,1,0.2505,2.5868,1.5857,0
1779884200.9644783,2026-05-27T20:16:40.964479,1,0.2505,2.5868,1.5857,0
1779884201.0873063,2026-05-27T20:16:41.087308,1,0.2505,2.5868,1.5857,0
1779884201.1715844,2026-05-27T20:16:41.171586,1,0.2505,2.5868,1.5857,0
1779884201.2632914,2026-05-27T20:16:41.263293,1,0.2505,2.5868,1.5857,0
1779884201.3592544,2026-05-27T20:16:41.359256,1,0.2505,2.5868,1.5857,0
1779884201.4609857,2026-05-27T20:16:41.460987,1,0.2505,2.5868,1.5857,0
1779884201.5596488,2026-05-27T20:16:41.559650,1,0.2505,2.5868,1.5857,0
1779884201.65969,2026-05-27T20:16:41.659692,1,0.2505,2.5868,1.5857,0
1779884201.7606144,2026-05-27T20:16:41.760615,1,0.2505,2.5868,1.5857,0
,2026-05-27T20:16:41.779149,FORCE_LOST,0.25050386786460876,2.5867931842803955,1.5856878757476807,
1779884201.8597622,2026-05-27T20:16:41.859764,1,0.2505,2.5868,1.5857,0
1779884201.9576545,2026-05-27T20:16:41.957656,1,0.2505,2.5868,1.5857,0
1779884202.0591888,2026-05-27T20:16:42.059190,1,0.2505,2.5868,1.5857,0
1779884202.1629252,2026-05-27T20:16:42.162927,1,0.2505,2.5868,1.5857,1
1779884202.302232,2026-05-27T20:16:42.302233,0,0.2517,2.6119,1.5880,0
1779884202.3677413,2026-05-27T20:16:42.367743,0,0.2473,2.6057,1.5876,0
1779884202.4654095,2026-05-27T20:16:42.465410,0,0.2476,2.6049,1.5876,0
1779884202.5662894,2026-05-27T20:16:42.566291,0,0.2476,2.6038,1.5875,0
1779884202.6656432,2026-05-27T20:16:42.665645,0,0.2477,2.6026,1.5874,0
1779884202.7658257,2026-05-27T20:16:42.765827,0,0.2479,2.6012,1.5874,0
1779884202.8665528,2026-05-27T20:16:42.866554,1,0.2479,2.6012,1.5874,0
1779884202.9616036,2026-05-27T20:16:42.961605,0,0.2252,2.5732,1.5802,0
1779884203.0686028,2026-05-27T20:16:43.068604,0,0.2254,2.5732,1.5803,0
1779884203.165961,2026-05-27T20:16:43.165962,0,0.2259,2.5733,1.5805,0
1779884203.2651584,2026-05-27T20:16:43.265160,0,0.2268,2.5736,1.5808,0
1779884203.3679965,2026-05-27T20:16:43.367998,0,0.2268,2.5736,1.5808,0
1779884203.4679716,2026-05-27T20:16:43.467973,0,0.2286,2.5744,1.5811,0
1779884203.5656936,2026-05-27T20:16:43.565695,0,0.2298,2.5747,1.5813,0
1779884203.6643069,2026-05-27T20:16:43.664308,0,0.2307,2.5753,1.5813,0
1779884203.7647269,2026-05-27T20:16:43.764728,0,0.2317,2.5760,1.5814,0
1779884203.8644912,2026-05-27T20:16:43.864492,0,0.2327,2.5768,1.5815,0
1779884203.9647176,2026-05-27T20:16:43.964719,0,0.2335,2.5774,1.5816,0
1779884204.0649912,2026-05-27T20:16:44.064993,0,0.2335,2.5774,1.5816,0
1779884204.1665275,2026-05-27T20:16:44.166529,0,0.2356,2.5778,1.5821,0
1779884204.267256,2026-05-27T20:16:44.267258,0,0.2365,2.5780,1.5822,0
1779884204.365876,2026-05-27T20:16:44.365877,0,0.2373,2.5780,1.5825,0
1779884204.4647279,2026-05-27T20:16:44.464729,0,0.2380,2.5779,1.5828,0
1779884204.5690076,2026-05-27T20:16:44.569009,0,0.2386,2.5776,1.5830,1
1779884204.6654794,2026-05-27T20:16:44.665481,0,0.2388,2.5771,1.5830,0
1779884204.7655168,2026-05-27T20:16:44.765518,0,0.2388,2.5770,1.5831,0
1779884204.8706102,2026-05-27T20:16:44.870611,0,0.2390,2.5772,1.5832,0
1779884204.9674163,2026-05-27T20:16:44.967418,0,0.2397,2.5775,1.5834,0
1779884205.0664694,2026-05-27T20:16:45.066471,0,0.2398,2.5780,1.5836,0
1779884205.166409,2026-05-27T20:16:45.166410,0,0.2398,2.5787,1.5836,0
1779884205.2660875,2026-05-27T20:16:45.266089,0,0.2398,2.5793,1.5837,0
1779884205.3645666,2026-05-27T20:16:45.364568,0,0.2401,2.5798,1.5838,0
1779884205.465125,2026-05-27T20:16:45.465127,0,0.2405,2.5801,1.5839,0
