timestamp,x,y
1780493654.6081018,0.33028045296669006,2.56028151512146
1780493654.7091613,0.33089780807495117,2.560420274734497
1780493654.8117366,0.3313392996788025,2.5605416297912598
1780493654.9096358,0.33166658878326416,2.560973882675171
1780493655.009649,0.331971138715744,2.5613675117492676
1780493655.1083186,0.3323732316493988,2.5615148544311523
1780493655.210895,0.3323571979999542,2.5616884231567383
1780493655.3097165,0.3321499526500702,2.5614371299743652
1780493655.408786,0.33190110325813293,2.5611519813537598
1780493655.5104575,0.3319801986217499,2.5607309341430664
1780493655.6091752,0.33183562755584717,2.5604350566864014
1780493655.7101722,0.33149343729019165,2.560180902481079
1780493655.8104982,0.33130836486816406,2.559873104095459
1780493655.9082367,0.3312565088272095,2.559779644012451
1780493656.0073848,0.331461638212204,2.5596063137054443
1780493656.1083806,0.331185907125473,2.5592141151428223
1780493656.208077,0.33119359612464905,2.559401512145996
1780493656.3090324,0.3311142325401306,2.5597290992736816
1780493656.408486,0.33082714676856995,2.5600295066833496
1780493656.5061872,0.330891877412796,2.5604140758514404
1780493656.6079457,0.3310471475124359,2.5607855319976807
1780493656.7090573,0.3313795030117035,2.5614356994628906
1780493656.805818,0.331331342458725,2.5622496604919434
1780493656.907877,0.33142951130867004,2.562842845916748
1780493657.0067208,0.3319321572780609,2.5634255409240723
1780493657.1061397,0.3323516249656677,2.5636348724365234
1780493657.2082167,0.3324129581451416,2.5634841918945312
1780493657.3062968,0.33226487040519714,2.563403606414795
1780493657.4085946,0.3321058452129364,2.563405752182007
1780493657.5082974,0.3317719101905823,2.5632266998291016
1780493657.6117253,0.3312568664550781,2.5628561973571777
1780493657.7079198,0.3311709463596344,2.5622005462646484
1780493657.808759,0.33152711391448975,2.5619661808013916
1780493657.9063447,0.331843763589859,2.562922716140747
1780493658.0081072,0.33199983835220337,2.565122127532959
1780493658.1062548,0.3346938490867615,2.572505235671997
1780493658.2050648,0.3368055522441864,2.584946632385254
1780493658.3072915,0.33636733889579773,2.600250720977783
1780493658.404976,0.33730316162109375,2.6174731254577637
1780493658.5060432,0.3386240601539612,2.633436679840088
1780493658.6056426,0.3377492427825928,2.648897647857666
1780493658.705436,0.3323434889316559,2.6634740829467773
1780493658.8058178,0.3279332220554352,2.675926685333252
1780493658.9050665,0.3225381672382355,2.6875722408294678
1780493659.0078444,0.31739839911460876,2.7038090229034424
1780493659.1052544,0.3144935369491577,2.71964693069458
1780493659.2053542,0.31225451827049255,2.740170955657959
1780493659.3068202,0.3125682771205902,2.757164716720581
1780493659.4055986,0.3149096369743347,2.7789745330810547
1780493659.5040834,0.31783154606819153,2.7988333702087402
1780493659.6052408,0.3181854486465454,2.8176465034484863
1780493659.7042053,0.3166779577732086,2.8366706371307373
1780493659.8041723,0.315829336643219,2.8589072227478027
1780493659.9043686,0.31566479802131653,2.8798444271087646
1780493660.0072103,0.3130374252796173,2.901521682739258
1780493660.106343,0.3101884722709656,2.920830249786377
1780493660.2061982,0.3068733513355255,2.9422616958618164
1780493660.3057714,0.3019181191921234,2.9598257541656494
1780493660.4052005,0.2962951958179474,2.979581117630005
1780493660.5047398,0.29037585854530334,3.0019607543945312
1780493660.6049478,0.28411442041397095,3.0219993591308594
1780493660.7075927,0.278484970331192,3.0405471324920654
1780493660.804755,0.27546820044517517,3.0595662593841553
1780493660.9004116,0.2748596668243408,3.07920241355896
1780493661.0077217,0.2725456655025482,3.098327875137329
1780493661.1049745,0.2720129191875458,3.11916184425354
1780493661.2053702,0.27038779854774475,3.140340566635132
1780493661.3044934,0.26808738708496094,3.164232015609741
1780493661.406135,0.2648410499095917,3.1888949871063232
1780493661.505761,0.2630693316459656,3.2136342525482178
1780493661.6030715,0.2606064975261688,3.23866868019104
1780493661.702703,0.26110389828681946,3.259354829788208
1780493661.806301,0.2613741457462311,3.2881886959075928
1780493661.9048975,0.26194536685943604,3.315075635910034
1780493662.0054317,0.2644878625869751,3.338343858718872
1780493662.105698,0.26616522669792175,3.361880302429199
1780493662.2051687,0.266954630613327,3.384751558303833
1780493662.3047798,0.26721885800361633,3.403381109237671
1780493662.4034321,0.2664576470851898,3.427063226699829
1780493662.503821,0.2645972669124603,3.4516944885253906
1780493662.6038194,0.26481369137763977,3.4752631187438965
1780493662.702498,0.26365017890930176,3.4999399185180664
1780493662.8055136,0.25879955291748047,3.5309107303619385
1780493662.904238,0.2557952404022217,3.5577709674835205
1780493663.0038648,0.2559353709220886,3.579463243484497
1780493663.1025121,0.25268691778182983,3.610656261444092
1780493663.203958,0.24860285222530365,3.635014533996582
1780493663.3037755,0.24484066665172577,3.6570944786071777
1780493663.4043682,0.24326619505882263,3.67409086227417
1780493663.505208,0.2424684762954712,3.6975436210632324
1780493663.6034195,0.24139468371868134,3.714723825454712
1780493663.704943,0.2391505390405655,3.737239122390747
1780493663.8049638,0.23787784576416016,3.7615368366241455
1780493663.8984761,0.23581402003765106,3.7850821018218994
1780493664.0050168,0.23462985455989838,3.809398651123047
1780493664.1029687,0.23070213198661804,3.836158037185669
1780493664.2057242,0.22800330817699432,3.8615026473999023
1780493664.3061886,0.2274283468723297,3.8885080814361572
1780493664.404615,0.2251001000404358,3.9115049839019775
1780493664.5044062,0.22584569454193115,3.9345943927764893
1780493664.6050205,0.2269296795129776,3.9556832313537598
1780493664.7008104,0.22861722111701965,3.977522611618042
1780493664.800059,0.23007315397262573,4.002842426300049
1780493664.90544,0.2315601408481598,4.024910926818848
1780493665.0046477,0.23187772929668427,4.048935890197754
1780493665.1033065,0.22987516224384308,4.073658466339111
1780493665.2018707,0.22284339368343353,4.098567008972168
1780493665.3053918,0.21703508496284485,4.124803066253662
1780493665.4036186,0.21225331723690033,4.151669979095459
1780493665.4994059,0.2086130976676941,4.177368640899658
1780493665.6075377,0.2049749344587326,4.200439929962158
1780493665.705342,0.2019134908914566,4.22243595123291
1780493665.7994833,0.1974436491727829,4.245883941650391
1780493665.9059105,0.1932862251996994,4.269402980804443
1780493666.005838,0.19009196758270264,4.294910430908203
1780493666.0997698,0.18691319227218628,4.320394039154053
1780493666.2040048,0.1840892881155014,4.3464789390563965
1780493666.305837,0.18125402927398682,4.372533798217773
1780493666.4056761,0.177667036652565,4.397496700286865
1780493666.4980953,0.17557592689990997,4.423397064208984
1780493666.6050146,0.17372965812683105,4.447749614715576
1780493666.706943,0.17121843993663788,4.471031188964844
1780493666.8055122,0.1688019335269928,4.494683265686035
1780493666.9036589,0.1665993481874466,4.516907215118408
1780493667.0026178,0.16386106610298157,4.537467002868652
1780493667.1084583,0.15752606093883514,4.558453559875488
1780493667.2010608,0.15101571381092072,4.580191612243652
1780493667.3027701,0.1455400586128235,4.601749420166016
1780493667.4084222,0.14096426963806152,4.626729965209961
1780493667.5073445,0.1337847262620926,4.652848720550537
1780493667.605482,0.128444105386734,4.678974151611328
1780493667.7056417,0.1231367215514183,4.704448223114014
1780493667.8078518,0.1144600585103035,4.731020450592041
1780493667.9094987,0.10735580325126648,4.754137992858887
1780493668.0091696,0.0946391373872757,4.776646614074707
1780493668.110212,0.08073222637176514,4.799654483795166
1780493668.2075996,0.07116565853357315,4.817103862762451
1780493668.3107197,0.0611073337495327,4.844907760620117
1780493668.4122546,0.05766627565026283,4.86927604675293
1780493668.5098338,0.05470592901110649,4.893067359924316
1780493668.6116312,0.04983023554086685,4.916341781616211
1780493668.712124,0.043641407042741776,4.940090656280518
1780493668.814244,0.038176581263542175,4.960733413696289
1780493668.9132588,0.02951711416244507,4.989323616027832
1780493669.0117934,0.024846477434039116,5.012373447418213
1780493669.1126907,0.01904722861945629,5.032783508300781
1780493669.215266,0.0103199053555727,5.057658672332764
1780493669.3155768,0.003541711950674653,5.081508159637451
1780493669.4161553,-0.0023779396433383226,5.103755950927734
1780493669.5140803,-0.009464176371693611,5.129366397857666
1780493669.614684,-0.016332168132066727,5.152111053466797
1780493669.7165499,-0.02707362174987793,5.176070690155029
1780493669.814072,-0.038263291120529175,5.1987996101379395
1780493669.9135373,-0.04965401068329811,5.22050142288208
1780493670.0178807,-0.060228317975997925,5.240490913391113
1780493670.1168504,-0.0679207295179367,5.2557454109191895
1780493670.2165291,-0.07536665350198746,5.2765889167785645
1780493670.3160565,-0.08416715264320374,5.297364711761475
1780493670.4183803,-0.09110882133245468,5.319034099578857
1780493670.5156193,-0.09757120162248611,5.343801975250244
1780493670.622963,-0.10385291278362274,5.3692426681518555
1780493670.7179184,-0.11017020791769028,5.394769668579102
1780493670.8189518,-0.11744054406881332,5.420074462890625
1780493670.9240596,-0.12399297952651978,5.445991516113281
1780493671.0194862,-0.12876641750335693,5.467650890350342
1780493671.1193526,-0.1376521736383438,5.489678859710693
1780493671.227453,-0.15033264458179474,5.511935710906982
1780493671.325621,-0.1640414446592331,5.531481742858887
1780493671.425233,-0.1798412799835205,5.551421642303467
1780493671.5201163,-0.19539499282836914,5.570437431335449
1780493671.626911,-0.20942562818527222,5.588348388671875
1780493671.7258182,-0.22401462495326996,5.604832649230957
1780493671.8253407,-0.23643644154071808,5.6227569580078125
1780493671.9239407,-0.2479705810546875,5.6424665451049805
1780493672.0263295,-0.2596454918384552,5.66228723526001
1780493672.1252136,-0.27258074283599854,5.681361198425293
1780493672.2260797,-0.28547534346580505,5.701739311218262
1780493672.3260748,-0.2990049123764038,5.7237677574157715
1780493672.4270008,-0.31400367617607117,5.7495341300964355
1780493672.524266,-0.3259911835193634,5.7707953453063965
1780493672.6206439,-0.33742791414260864,5.792040824890137
1780493672.724056,-0.3465021550655365,5.810496807098389
1780493672.8196306,-0.35701003670692444,5.830867290496826
1780493672.9247024,-0.3663579523563385,5.85073184967041
1780493673.0244095,-0.37499845027923584,5.869685649871826
1780493673.1182728,-0.38469353318214417,5.889495372772217
1780493673.2205918,-0.39520543813705444,5.911682605743408
1780493673.3192532,-0.4056713879108429,5.933070659637451
1780493673.424713,-0.4175105392932892,5.954928398132324
1780493673.519738,-0.4291297197341919,5.976140975952148
1780493673.6176841,-0.44109123945236206,5.995900630950928
1780493673.7245667,-0.45232418179512024,6.014901161193848
1780493673.8227725,-0.4629945755004883,6.033407211303711
1780493673.9171536,-0.4706643521785736,6.051224708557129
1780493674.020846,-0.4761781692504883,6.070197582244873
1780493674.1236424,-0.479899525642395,6.086503028869629
1780493674.2173805,-0.4813157618045807,6.104031085968018
1780493674.32291,-0.48149409890174866,6.1215925216674805
1780493674.4243643,-0.4815022051334381,6.140527248382568
1780493674.52371,-0.4849909842014313,6.156831741333008
1780493674.616601,-0.48854517936706543,6.175373077392578
1780493674.7217975,-0.4913322627544403,6.193111896514893
1780493674.8276901,-0.49423354864120483,6.210304260253906
1780493674.918544,-0.5001060366630554,6.228374004364014
1780493675.0188959,-0.5079634189605713,6.245840072631836
1780493675.1209745,-0.5141660571098328,6.260531902313232
1780493675.2226562,-0.5191816687583923,6.278327941894531
1780493675.3237147,-0.5268499255180359,6.299071788787842
1780493675.4220111,-0.5320215225219727,6.315696716308594
1780493675.5232801,-0.5352698564529419,6.332225799560547
1780493675.6222498,-0.5399965047836304,6.35231351852417
1780493675.7171965,-0.5444337725639343,6.371967315673828
1780493675.8203077,-0.5488637685775757,6.3985276222229
1780493675.9230337,-0.5513372421264648,6.424297332763672
1780493676.0225537,-0.5508315563201904,6.452415466308594
1780493676.1250427,-0.5509486198425293,6.481886386871338
1780493676.2256885,-0.549602746963501,6.505364418029785
1780493676.3178523,-0.552001953125,6.526169300079346
1780493676.4236598,-0.554031491279602,6.545947551727295
1780493676.5247061,-0.5562230944633484,6.563381195068359
1780493676.6166613,-0.5553306341171265,6.57818603515625
1780493676.7220702,-0.5576375722885132,6.595607757568359
1780493676.825196,-0.5615230798721313,6.612305641174316
1780493676.922901,-0.565633237361908,6.6293439865112305
1780493677.017885,-0.567570686340332,6.647864818572998
1780493677.1247373,-0.5673671960830688,6.668182849884033
1780493677.2252471,-0.5697775483131409,6.690163612365723
1780493677.3232822,-0.5671939253807068,6.709701061248779
1780493677.4239342,-0.565820038318634,6.730355739593506
1780493677.5250742,-0.5623246431350708,6.749083995819092
1780493677.6230254,-0.5600056648254395,6.769302845001221
1780493677.720081,-0.556623637676239,6.792322158813477
1780493677.82399,-0.5545615553855896,6.8158135414123535
1780493677.921023,-0.5523316264152527,6.844141006469727
1780493678.024198,-0.5502734184265137,6.870380878448486
1780493678.1243002,-0.5487427115440369,6.8983001708984375
1780493678.2245483,-0.5494691133499146,6.929412841796875
1780493678.3193283,-0.5519059300422668,6.952166557312012
1780493678.4242167,-0.552122175693512,6.9836273193359375
1780493678.521916,-0.5497918725013733,7.00322151184082
1780493678.6233697,-0.5468688607215881,7.015664100646973
1780493678.7245476,-0.5458205342292786,7.030510902404785
1780493678.8263419,-0.5448380708694458,7.048651695251465
1780493678.9249802,-0.5424449443817139,7.06345272064209
1780493679.018132,-0.5388827323913574,7.080126762390137
1780493679.126258,-0.5380100607872009,7.098841190338135
1780493679.2232401,-0.5362163186073303,7.115549564361572
1780493679.3251784,-0.5326329469680786,7.137207508087158
1780493679.41799,-0.5270880460739136,7.152970790863037
1780493679.5231411,-0.523434579372406,7.173439025878906
1780493679.6256125,-0.5206578373908997,7.1957197189331055
1780493679.7183824,-0.5171689987182617,7.218109130859375
1780493679.8184435,-0.5122140049934387,7.245771884918213
1780493679.9256475,-0.5077195167541504,7.269880771636963
1780493680.0239375,-0.5025098323822021,7.291528224945068
1780493680.122874,-0.4975942373275757,7.31159782409668
1780493680.2257392,-0.49640902876853943,7.33110237121582
1780493680.3236363,-0.4951154291629791,7.3536248207092285
1780493680.4179945,-0.4934654235839844,7.37250280380249
1780493680.5243037,-0.49454382061958313,7.392744064331055
1780493680.625108,-0.49820223450660706,7.412513732910156
1780493680.723887,-0.505153238773346,7.4301958084106445
1780493680.8267126,-0.5056861639022827,7.454436302185059
1780493680.927504,-0.5058569312095642,7.480307102203369
1780493681.0263097,-0.5039776563644409,7.508839130401611
1780493681.1254997,-0.49890851974487305,7.539653778076172
1780493681.2271183,-0.488704651594162,7.572014808654785
1780493681.3259566,-0.479696661233902,7.601497650146484
1780493681.4247105,-0.46471571922302246,7.631443977355957
1780493681.5199716,-0.4487261176109314,7.660441875457764
1780493681.6228833,-0.43265530467033386,7.6862287521362305
1780493681.7206728,-0.4197136461734772,7.710022926330566
1780493681.825933,-0.40370091795921326,7.731165409088135
1780493681.9236302,-0.3862236440181732,7.75136661529541
1780493682.026674,-0.36802881956100464,7.7723822593688965
1780493682.118313,-0.3535318672657013,7.787448883056641
1780493682.2186406,-0.33582261204719543,7.807713508605957
1780493682.318752,-0.3241325318813324,7.821919918060303
1780493682.4188771,-0.3133096992969513,7.837067127227783
1780493682.5155625,-0.3019850254058838,7.851783275604248
1780493682.6171665,-0.29117250442504883,7.868247032165527
1780493682.717031,-0.27514025568962097,7.889384746551514
1780493682.8145523,-0.25749626755714417,7.913081645965576
1780493682.915524,-0.24096456170082092,7.938559055328369
1780493683.0149395,-0.22406227886676788,7.958252429962158
1780493683.11642,-0.20737650990486145,7.977430820465088
1780493683.2144158,-0.19154812395572662,8.001962661743164
1780493683.314234,-0.1776910126209259,8.022773742675781
1780493683.4114566,-0.16262248158454895,8.042547225952148
1780493683.5109034,-0.15042468905448914,8.062871932983398
1780493683.6107733,-0.13942913711071014,8.085250854492188
1780493683.709273,-0.12784947454929352,8.106748580932617
1780493683.8136766,-0.11406833678483963,8.126334190368652
1780493683.9088995,-0.10098172724246979,8.146003723144531
1780493684.0109906,-0.08739734441041946,8.166934967041016
1780493684.1117194,-0.07626569271087646,8.186237335205078
1780493684.2081282,-0.06602725386619568,8.2042236328125
1780493684.3071141,-0.054772790521383286,8.221641540527344
1780493684.4089413,-0.04269229993224144,8.238945960998535
1780493684.5056357,-0.030021850019693375,8.255889892578125
1780493684.600294,-0.017776446416974068,8.271571159362793
1780493684.7088153,-0.005500970873981714,8.287919998168945
1780493684.8061204,0.005881597753614187,8.299890518188477
1780493684.9072802,0.012807774357497692,8.30866527557373
1780493685.007895,0.01825162209570408,8.315957069396973
1780493685.1068785,0.02452464960515499,8.320331573486328
1780493685.2044578,0.02942449040710926,8.323725700378418
1780493685.3042526,0.033559419214725494,8.327993392944336
1780493685.4037213,0.03592891991138458,8.335997581481934
1780493685.5064983,0.037364598363637924,8.347286224365234
1780493685.603391,0.03769059479236603,8.358136177062988
1780493685.7047195,0.03827511891722679,8.369681358337402
1780493685.8047771,0.040003784000873566,8.383696556091309
1780493685.906079,0.03882965072989464,8.397382736206055
1780493686.0055025,0.0379856675863266,8.412161827087402
1780493686.102697,0.039434995502233505,8.426602363586426
1780493686.2051811,0.042513731867074966,8.441911697387695
1780493686.2970455,0.04837341606616974,8.45645523071289
1780493686.398232,0.057173993438482285,8.470720291137695
1780493686.50451,0.06690317392349243,8.484312057495117
1780493686.604343,0.07566260546445847,8.497245788574219
1780493686.70225,0.08178473263978958,8.507532119750977
1780493686.8024998,0.08732505142688751,8.518508911132812
1780493686.9031723,0.0902768149971962,8.529245376586914
1780493686.993975,0.0930062085390091,8.541376113891602
1780493687.1027205,0.09313897788524628,8.55294418334961
1780493687.1981788,0.09266314655542374,8.56693172454834
1780493687.2989376,0.09110626578330994,8.582396507263184
1780493687.402378,0.08916055411100388,8.601675987243652
1780493687.5012512,0.08745041489601135,8.624434471130371
1780493687.600522,0.08728078752756119,8.648014068603516
1780493687.6953382,0.08880917727947235,8.67076587677002
1780493687.8002994,0.09103325009346008,8.692387580871582
1780493687.9010508,0.09452715516090393,8.715882301330566
1780493687.9938655,0.09743303805589676,8.738408088684082
1780493688.1015096,0.09935658425092697,8.7625150680542
1780493688.2011418,0.10145892202854156,8.784056663513184
1780493688.299608,0.10413569211959839,8.80394458770752
1780493688.4014182,0.1056055948138237,8.820823669433594
1780493688.501613,0.10411730408668518,8.844720840454102
1780493688.6018944,0.10157337784767151,8.865132331848145
1780493688.7009983,0.09762822836637497,8.886305809020996
1780493688.799878,0.09460687637329102,8.905940055847168
1780493688.9021604,0.09167943894863129,8.921924591064453
1780493688.9960501,0.0885690376162529,8.943343162536621
1780493689.100349,0.08651144802570343,8.96330738067627
1780493689.2021253,0.08469399064779282,8.984109878540039
1780493689.3022914,0.08224330842494965,9.001055717468262
1780493689.3938296,0.07926683872938156,9.017881393432617
1780493689.4974859,0.07601633667945862,9.031797409057617
1780493689.6021159,0.07306015491485596,9.04784870147705
1780493689.700272,0.07078883051872253,9.062609672546387
1780493689.8022516,0.06599409133195877,9.079815864562988
1780493689.902177,0.059028301388025284,9.09937572479248
1780493690.003097,0.05311259254813194,9.11757755279541
1780493690.1025708,0.04647384211421013,9.136439323425293
1780493690.1992629,0.039174292236566544,9.154519081115723
1780493690.304,0.031413089483976364,9.1722412109375
1780493690.4022121,0.02466650679707527,9.188718795776367
1780493690.5041926,0.01874725893139839,9.208253860473633
1780493690.6031125,0.01261581014841795,9.229930877685547
1780493690.7015371,0.006082951556891203,9.25218391418457
1780493690.80425,0.0021910027135163546,9.269845008850098
1780493690.9015613,-0.002368403598666191,9.287264823913574
1780493691.0038228,-0.006298163905739784,9.300244331359863
1780493691.1025362,-0.009693296626210213,9.31197452545166
1780493691.2022264,-0.012217812240123749,9.321834564208984
1780493691.2964292,-0.012877173721790314,9.332367897033691
1780493691.4033906,-0.012838637456297874,9.343185424804688
1780493691.503062,-0.01188194751739502,9.355009078979492
1780493691.5972452,-0.008750731125473976,9.367166519165039
1780493691.7029397,-0.004188430495560169,9.381234169006348
1780493691.8013294,0.0007617880473844707,9.39574146270752
1780493691.9028263,0.0037989031989127398,9.409344673156738
1780493692.002659,0.0062946234829723835,9.425382614135742
1780493692.1018176,0.00798782892525196,9.441484451293945
1780493692.2048368,0.009257779456675053,9.462347030639648
1780493692.302417,0.008453224785625935,9.48448371887207
1780493692.4028714,0.006388083100318909,9.505936622619629
1780493692.5014932,0.00426517566666007,9.524981498718262
1780493692.601911,0.0001355205604340881,9.544339179992676
1780493692.6970544,-0.0030512104276567698,9.566158294677734
1780493692.8038688,-0.006191676948219538,9.588508605957031
1780493692.9027057,-0.009947281330823898,9.6100492477417
1780493693.0046484,-0.013572814874351025,9.630404472351074
1780493693.1028607,-0.018219569697976112,9.648344993591309
1780493693.202006,-0.0216963030397892,9.662664413452148
1780493693.303168,-0.024409690871834755,9.676039695739746
1780493693.4010553,-0.026344651356339455,9.690888404846191
1780493693.5019765,-0.027793893590569496,9.706217765808105
1780493693.603139,-0.028613409027457237,9.722289085388184
1780493693.7025476,-0.030078738927841187,9.737401962280273
1780493693.8039382,-0.029669560492038727,9.753287315368652
1780493693.9026601,-0.02860172465443611,9.767857551574707
1780493694.0015464,-0.027854591608047485,9.783806800842285
1780493694.1035492,-0.02814859338104725,9.800987243652344
1780493694.2027457,-0.027984334155917168,9.820487022399902
1780493694.303423,-0.02894149348139763,9.835433959960938
1780493694.4022965,-0.03192206844687462,9.850698471069336
1780493694.5040944,-0.034518249332904816,9.860166549682617
1780493694.6036096,-0.03762352094054222,9.870635032653809
1780493694.7032573,-0.040198154747486115,9.880556106567383
1780493694.8039892,-0.04415727034211159,9.89063835144043
1780493694.9029796,-0.04832379147410393,9.895968437194824
1780493695.0033774,-0.05180754512548447,9.906176567077637
1780493695.1041074,-0.05298343300819397,9.91771125793457
1780493695.201619,-0.05285980552434921,9.932092666625977
1780493695.3021052,-0.05249447748064995,9.9454345703125
1780493695.4040756,-0.05236693099141121,9.960098266601562
1780493695.5014758,-0.054593101143836975,9.971095085144043
1780493695.6030877,-0.05747156962752342,9.981733322143555
1780493695.7020156,-0.06107644364237785,9.992816925048828
1780493695.8037066,-0.06619902700185776,9.997594833374023
1780493695.9036417,-0.0708598792552948,10.00137710571289
1780493696.00378,-0.07524342834949493,10.00606918334961
1780493696.1000574,-0.0774165615439415,10.014311790466309
1780493696.2019718,-0.0793023407459259,10.022850036621094
1780493696.3025951,-0.08112771064043045,10.031094551086426
1780493696.4032261,-0.0816110372543335,10.044513702392578
1780493696.5025954,-0.08045227080583572,10.058832168579102
1780493696.6036468,-0.07946942001581192,10.073359489440918
1780493696.7034054,-0.07731014490127563,10.088468551635742
1780493696.8052166,-0.07473769783973694,10.105583190917969
1780493696.9035118,-0.07324831932783127,10.123824119567871
1780493697.0038805,-0.0730382651090622,10.140445709228516
1780493697.1022243,-0.07336683571338654,10.154330253601074
1780493697.2053628,-0.07240140438079834,10.173331260681152
1780493697.303584,-0.07314377278089523,10.19195556640625
1780493697.4044595,-0.0761360228061676,10.2114896774292
1780493697.505234,-0.08279340714216232,10.229130744934082
1780493697.604578,-0.09122362732887268,10.245993614196777
1780493697.703937,-0.10003279894590378,10.266210556030273
1780493697.8046713,-0.10681570321321487,10.287247657775879
1780493697.9045932,-0.11207236349582672,10.307432174682617
1780493698.0029151,-0.11355101317167282,10.323324203491211
1780493698.1043942,-0.11381246149539948,10.342447280883789
1780493698.203967,-0.11174383014440536,10.36088752746582
1780493698.30477,-0.10859373211860657,10.38455867767334
1780493698.402405,-0.10608544200658798,10.403611183166504
1780493698.501794,-0.10324446856975555,10.42367935180664
1780493698.605336,-0.09983830899000168,10.444573402404785
1780493698.7042172,-0.09755642712116241,10.464753150939941
1780493698.8034463,-0.09382759779691696,10.485212326049805
1780493698.903779,-0.08890623599290848,10.503067970275879
1780493699.0033162,-0.08489275723695755,10.518058776855469
1780493699.0980372,-0.08055870234966278,10.534750938415527
1780493699.2044094,-0.07635540515184402,10.54663372039795
1780493699.3033912,-0.07268726080656052,10.558863639831543
1780493699.3975322,-0.07105862349271774,10.570457458496094
1780493699.501792,-0.07043033093214035,10.578075408935547
1780493699.6032412,-0.07106491923332214,10.583436965942383
1780493699.7022088,-0.07075490802526474,10.586556434631348
1780493699.8019848,-0.07041052728891373,10.585716247558594
1780493699.903102,-0.0701272189617157,10.587234497070312
1780493699.9977033,-0.06979402899742126,10.58790397644043
1780493700.1044104,-0.06864414364099503,10.587672233581543
1780493700.2057734,-0.06688107550144196,10.591456413269043
1780493700.301392,-0.06653634458780289,10.594305038452148
1780493700.4033084,-0.06662267446517944,10.595251083374023
1780493700.4980812,-0.0659223347902298,10.598796844482422
1780493700.6025393,-0.0636863186955452,10.60584831237793
1780493700.702687,-0.06263136118650436,10.612940788269043
1780493700.80254,-0.06325795501470566,10.61482048034668
1780493700.9016492,-0.0642615482211113,10.614482879638672
1780493701.0028443,-0.06483791023492813,10.61775016784668
1780493701.1021035,-0.06693539768457413,10.617316246032715
1780493701.2036035,-0.06868614256381989,10.621896743774414
1780493701.3047926,-0.07043806463479996,10.630304336547852
1780493701.4019444,-0.0701264813542366,10.64808177947998
1780493701.5040143,-0.07253643125295639,10.673625946044922
1780493701.602383,-0.07467632740736008,10.70480728149414
1780493701.7041292,-0.07748845219612122,10.734355926513672
1780493701.8028352,-0.08057887852191925,10.75890064239502
1780493701.9042122,-0.08145236223936081,10.780282974243164
1780493702.0058827,-0.0831667110323906,10.79748821258545
1780493702.1049545,-0.08268404752016068,10.807072639465332
1780493702.2039824,-0.08088645339012146,10.816205024719238
1780493702.303788,-0.07901578396558762,10.819242477416992
1780493702.4048254,-0.07906374335289001,10.81825065612793
1780493702.506905,-0.07990100979804993,10.812942504882812
1780493702.6069899,-0.08214232325553894,10.805971145629883
1780493702.7073987,-0.08671683818101883,10.798236846923828
1780493702.807386,-0.09057675302028656,10.792519569396973
1780493702.9057002,-0.09317900240421295,10.792768478393555
1780493703.009542,-0.09389933943748474,10.801839828491211
1780493703.10871,-0.09596152603626251,10.821552276611328
1780493703.2096202,-0.09940703958272934,10.84870719909668
1780493703.3101466,-0.10527835786342621,10.881184577941895
1780493703.4115903,-0.11281491816043854,10.918604850769043
1780493703.5102134,-0.12033054977655411,10.95207691192627
1780493703.6109548,-0.12735916674137115,10.986210823059082
1780493703.7137046,-0.1327158510684967,11.01050853729248
1780493703.8140926,-0.13800148665905,11.025299072265625
1780493703.9132164,-0.14005213975906372,11.036478996276855
1780493704.013533,-0.14175158739089966,11.045714378356934
1780493704.1168914,-0.14332054555416107,11.055131912231445
1780493704.2192109,-0.14541704952716827,11.063036918640137
1780493704.318292,-0.14895698428153992,11.07047176361084
1780493704.423285,-0.1542067527770996,11.0752592086792
1780493704.5181887,-0.16204166412353516,11.078190803527832
1780493704.624001,-0.1707877814769745,11.08038330078125
1780493704.7243986,-0.18010562658309937,11.081303596496582
1780493704.8252656,-0.18832141160964966,11.087328910827637
1780493704.9187057,-0.19514557719230652,11.094277381896973
1780493705.0253882,-0.20159071683883667,11.103428840637207
1780493705.1241932,-0.20889297127723694,11.115357398986816
1780493705.2274263,-0.21607647836208344,11.128578186035156
1780493705.3253565,-0.22216781973838806,11.14195728302002
1780493705.4279864,-0.22663170099258423,11.152363777160645
1780493705.5269177,-0.22933369874954224,11.159379959106445
1780493705.6290264,-0.2320740520954132,11.16840934753418
1780493705.726893,-0.23457244038581848,11.178157806396484
1780493705.8285143,-0.24017229676246643,11.18819522857666
1780493705.9300733,-0.24596238136291504,11.197419166564941
1780493706.0302613,-0.2528691589832306,11.204804420471191
1780493706.1271095,-0.2611941397190094,11.210662841796875
1780493706.2261605,-0.26995334029197693,11.216585159301758
1780493706.3257086,-0.2757376432418823,11.2208833694458
1780493706.4251845,-0.28017160296440125,11.222126007080078
1780493706.528589,-0.282452791929245,11.223600387573242
1780493706.6276712,-0.28805914521217346,11.224959373474121
1780493706.7290714,-0.29327648878097534,11.22563648223877
1780493706.8239288,-0.29989901185035706,11.225689888000488
1780493706.9310868,-0.305376261472702,11.22586441040039
1780493707.030145,-0.3114524185657501,11.227245330810547
1780493707.1257572,-0.32011938095092773,11.227958679199219
1780493707.2310526,-0.3310607373714447,11.227991104125977
1780493707.3286953,-0.34100210666656494,11.229156494140625
1780493707.4314623,-0.3541523218154907,11.2340087890625
1780493707.5299792,-0.3678295314311981,11.240880966186523
1780493707.6277037,-0.3821954131126404,11.248798370361328
1780493707.7303138,-0.39677944779396057,11.261178970336914
1780493707.8331468,-0.41053506731987,11.274062156677246
1780493707.9257295,-0.42473477125167847,11.285815238952637
1780493708.0316563,-0.43837597966194153,11.296310424804688
1780493708.1335845,-0.4522252678871155,11.305947303771973
1780493708.2263486,-0.466180682182312,11.314323425292969
1780493708.329899,-0.4793732464313507,11.3212890625
1780493708.4325266,-0.49034252762794495,11.327961921691895
1780493708.5335166,-0.5015667676925659,11.331954956054688
1780493708.6330605,-0.5128398537635803,11.334375381469727
1780493708.7362223,-0.524262547492981,11.333740234375
1780493708.8302877,-0.5350038409233093,11.331716537475586
1780493708.9305966,-0.5455770492553711,11.32759952545166
1780493709.0307145,-0.5564823150634766,11.322827339172363
1780493709.1324418,-0.5678697824478149,11.318842887878418
1780493709.2324402,-0.5787904858589172,11.316041946411133
1780493709.3257053,-0.5895787477493286,11.31319522857666
1780493709.4300156,-0.599533200263977,11.312108993530273
1780493709.5294046,-0.609005331993103,11.312031745910645
1780493709.6294582,-0.6174672245979309,11.312365531921387
1780493709.724671,-0.6258780360221863,11.313027381896973
1780493709.828059,-0.6343396306037903,11.311522483825684
1780493709.929898,-0.6429868936538696,11.311241149902344
1780493710.0298953,-0.6541822552680969,11.309321403503418
1780493710.1296158,-0.6636792421340942,11.307838439941406
1780493710.2283576,-0.6709440350532532,11.30614185333252
1780493710.3257034,-0.6759535074234009,11.30314826965332
1780493710.421016,-0.6819924116134644,11.297320365905762
1780493710.5184662,-0.6908050179481506,11.290663719177246
1780493710.6199274,-0.7010228633880615,11.283371925354004
1780493710.7194836,-0.708825945854187,11.274776458740234
1780493710.8200495,-0.7167453765869141,11.264155387878418
1780493710.9177625,-0.7229481935501099,11.255301475524902
1780493711.0149834,-0.7295591235160828,11.246479988098145
1780493711.1149974,-0.7335492968559265,11.241484642028809
1780493711.2148407,-0.7354707717895508,11.23682689666748
1780493711.3125453,-0.7357639670372009,11.2327241897583
1780493711.4162283,-0.7336218953132629,11.229708671569824
1780493711.5121548,-0.7337399125099182,11.226720809936523
1780493711.6115668,-0.7342821955680847,11.2241792678833
1780493711.71001,-0.7376266717910767,11.219746589660645
1780493711.8130074,-0.742426872253418,11.215758323669434
1780493711.9099555,-0.7434983253479004,11.212089538574219
1780493712.0109973,-0.7455563545227051,11.208484649658203
1780493712.110276,-0.7473019361495972,11.203459739685059
1780493712.2129085,-0.7523557543754578,11.196499824523926
1780493712.303453,-0.7616901993751526,11.190399169921875
1780493712.4108644,-0.7759301066398621,11.179444313049316
1780493712.506357,-0.788394033908844,11.169096946716309
1780493712.6021838,-0.8008027672767639,11.158751487731934
1780493712.7010295,-0.8125603795051575,11.15032958984375
1780493712.8043542,-0.8216965794563293,11.14255428314209
1780493712.8998394,-0.8280295729637146,11.135248184204102
1780493713.0037596,-0.8328388333320618,11.126845359802246
1780493713.1021838,-0.8348603248596191,11.121819496154785
1780493713.2032542,-0.8355965614318848,11.11701488494873
1780493713.3032281,-0.832548975944519,11.114738464355469
1780493713.399552,-0.8286166787147522,11.113729476928711
1780493713.5005941,-0.8239689469337463,11.113280296325684
1780493713.601348,-0.819260835647583,11.111034393310547
1780493713.6999764,-0.8142996430397034,11.10633659362793
1780493713.8015819,-0.8105376362800598,11.101824760437012
1780493713.900696,-0.8085099458694458,11.095175743103027
1780493714.004051,-0.8069911003112793,11.087257385253906
1780493714.0980334,-0.8057336211204529,11.077070236206055
1780493714.1998556,-0.8046754598617554,11.067761421203613
1780493714.2987745,-0.8017420172691345,11.062165260314941
1780493714.40371,-0.8000577092170715,11.057413101196289
1780493714.505623,-0.8009852170944214,11.052684783935547
1780493714.5986989,-0.8010931611061096,11.050497055053711
1780493714.7023585,-0.8017625212669373,11.049084663391113
1780493714.7993844,-0.8027343153953552,11.04774284362793
1780493714.8997433,-0.8077564835548401,11.044839859008789
1780493715.0008173,-0.8126881122589111,11.04178237915039
1780493715.0978153,-0.8171162605285645,11.04061508178711
1780493715.2033064,-0.8204987049102783,11.036213874816895
1780493715.307453,-0.8225811123847961,11.030574798583984
1780493715.3980584,-0.8209499716758728,11.032501220703125
1780493715.4993398,-0.821997344493866,11.03299331665039
1780493715.6060607,-0.8219279050827026,11.029556274414062
1780493715.69632,-0.8245636224746704,11.022642135620117
1780493715.8045306,-0.826974093914032,11.016851425170898
1780493715.90402,-0.8311956524848938,11.012778282165527
1780493716.0053928,-0.8361093997955322,11.010400772094727
1780493716.1061864,-0.8401845693588257,11.00422477722168
1780493716.2045877,-0.8429003953933716,11.00097370147705
1780493716.3032537,-0.8445049524307251,10.996261596679688
1780493716.405514,-0.846822202205658,10.986905097961426
1780493716.5050204,-0.8484490513801575,10.973702430725098
1780493716.6035798,-0.8517082929611206,10.959872245788574
1780493716.7054482,-0.8525990843772888,10.945783615112305
1780493716.8030183,-0.8516774773597717,10.928982734680176
1780493716.9076798,-0.8492638468742371,10.913113594055176
1780493717.0082,-0.8446198105812073,10.898693084716797
1780493717.1039596,-0.8387971520423889,10.886168479919434
1780493717.2056565,-0.8304805159568787,10.873343467712402
1780493717.305081,-0.8253511190414429,10.856199264526367
1780493717.4048855,-0.8213675618171692,10.838592529296875
1780493717.5058382,-0.8179023861885071,10.820496559143066
1780493717.6076627,-0.8158618807792664,10.803110122680664
1780493717.7074125,-0.8140048384666443,10.783526420593262
1780493717.8057141,-0.8137304782867432,10.766617774963379
1780493717.9070644,-0.813828706741333,10.753253936767578
1780493718.007468,-0.8122482895851135,10.742831230163574
1780493718.1086774,-0.8083972334861755,10.73530387878418
1780493718.2073674,-0.8061299920082092,10.72681999206543
1780493718.3072903,-0.8009396195411682,10.71673583984375
1780493718.407098,-0.7945360541343689,10.705222129821777
1780493718.5096984,-0.7849025726318359,10.687583923339844
1780493718.608416,-0.7798293232917786,10.675479888916016
1780493718.7123027,-0.7733427286148071,10.659835815429688
1780493718.812613,-0.7671045660972595,10.642807006835938
1780493718.9100182,-0.7626068592071533,10.629063606262207
1780493719.0128424,-0.7569606900215149,10.610109329223633
1780493719.1116261,-0.7503523826599121,10.591114044189453
1780493719.2115989,-0.7423800826072693,10.57226276397705
1780493719.3129218,-0.7367212176322937,10.55446720123291
1780493719.4125896,-0.7319141626358032,10.534431457519531
1780493719.5129404,-0.7279151082038879,10.51539421081543
1780493719.6158936,-0.7251116633415222,10.497965812683105
1780493719.7150376,-0.7238503694534302,10.482276916503906
1780493719.815331,-0.7184566855430603,10.467684745788574
1780493719.9156554,-0.7130299806594849,10.455398559570312
1780493720.0196915,-0.7062425017356873,10.442801475524902
1780493720.1162488,-0.7005739212036133,10.428799629211426
1780493720.219508,-0.6947311162948608,10.413361549377441
1780493720.3167412,-0.6889254450798035,10.40146541595459
1780493720.4163609,-0.6844383478164673,10.388801574707031
1780493720.5192738,-0.6793251633644104,10.375711441040039
1780493720.6180067,-0.6757392883300781,10.363656997680664
1780493720.7239742,-0.6722483038902283,10.350080490112305
1780493720.8220315,-0.6656979918479919,10.335321426391602
1780493720.9245605,-0.6593311429023743,10.320148468017578
1780493721.0196607,-0.6545729041099548,10.305424690246582
1780493721.1258936,-0.6485275626182556,10.289542198181152
1780493721.2267244,-0.6433448791503906,10.275218963623047
1780493721.3203197,-0.6398082971572876,10.261126518249512
1780493721.4235978,-0.6366879343986511,10.247993469238281
1780493721.5263631,-0.6340749263763428,10.234336853027344
1780493721.6261964,-0.6290479898452759,10.222103118896484
1780493721.7254548,-0.6236861348152161,10.210479736328125
1780493721.8273697,-0.6137450337409973,10.199103355407715
1780493721.9292803,-0.6016390919685364,10.18702220916748
1780493722.0261097,-0.5884627103805542,10.174476623535156
1780493722.1207397,-0.5748198628425598,10.16142463684082
1780493722.220954,-0.5577985644340515,10.146790504455566
1780493722.3262796,-0.541583776473999,10.132866859436035
1780493722.4214993,-0.5242035984992981,10.116447448730469
1780493722.5195045,-0.5134005546569824,10.10330867767334
1780493722.6289864,-0.49979522824287415,10.085142135620117
1780493722.7273386,-0.4892200529575348,10.068636894226074
1780493722.8204467,-0.4790949821472168,10.051034927368164
1780493722.9269457,-0.46774208545684814,10.03270149230957
1780493723.0263925,-0.4571683406829834,10.016404151916504
1780493723.119893,-0.44883060455322266,9.999505996704102
1780493723.2200842,-0.4448694586753845,9.984553337097168
1780493723.324824,-0.44089603424072266,9.972728729248047
1780493723.4265401,-0.43516889214515686,9.959232330322266
1780493723.5236592,-0.42883947491645813,9.944747924804688
1780493723.6261117,-0.4226624667644501,9.928194999694824
1780493723.725976,-0.4190295338630676,9.915410995483398
1780493723.8211067,-0.4160325229167938,9.899029731750488
1780493723.9238608,-0.4151115119457245,9.886750221252441
1780493724.0271294,-0.41078367829322815,9.872236251831055
1780493724.1250129,-0.4012910723686218,9.85546588897705
1780493724.2189693,-0.39045506715774536,9.839188575744629
1780493724.327106,-0.3813270330429077,9.823878288269043
1780493724.4204478,-0.3743334412574768,9.807788848876953
1780493724.5246751,-0.36672747135162354,9.792339324951172
1780493724.6191676,-0.3590838313102722,9.776900291442871
1780493724.7209907,-0.35186707973480225,9.76076889038086
1780493724.8262339,-0.34228459000587463,9.743794441223145
1780493724.9187615,-0.334072083234787,9.725556373596191
1780493725.0192885,-0.32492122054100037,9.706668853759766
1780493725.1232996,-0.3151536285877228,9.688737869262695
1780493725.2160876,-0.31098273396492004,9.667218208312988
1780493725.318562,-0.3028149902820587,9.645122528076172
1780493725.4225085,-0.29809096455574036,9.624141693115234
1780493725.5157366,-0.2879999876022339,9.605835914611816
1780493725.6148217,-0.275153249502182,9.59138298034668
1780493725.715645,-0.26940974593162537,9.57606315612793
1780493725.8178778,-0.2660265862941742,9.560473442077637
1780493725.9162662,-0.2613592743873596,9.541269302368164
1780493726.0223143,-0.25878214836120605,9.517287254333496
1780493726.1168025,-0.25750598311424255,9.494495391845703
1780493726.2167323,-0.25534504652023315,9.470319747924805
1780493726.3151453,-0.2522744834423065,9.447846412658691
1780493726.4213233,-0.24852249026298523,9.425691604614258
1780493726.516705,-0.24628709256649017,9.404252052307129
1780493726.6208556,-0.2479504495859146,9.385337829589844
1780493726.716161,-0.2506448030471802,9.367865562438965
1780493726.8163824,-0.25482702255249023,9.35300350189209
1780493726.9135177,-0.25684401392936707,9.339201927185059
1780493727.0178082,-0.2544362545013428,9.326902389526367
1780493727.1153157,-0.2504345178604126,9.311928749084473
1780493727.2160301,-0.24321211874485016,9.295103073120117
1780493727.3152523,-0.23174630105495453,9.276257514953613
1780493727.4157352,-0.2202623039484024,9.253988265991211
1780493727.520784,-0.21522502601146698,9.228677749633789
1780493727.6145492,-0.20860697329044342,9.205085754394531
1780493727.7231305,-0.20470598340034485,9.17593765258789
1780493727.815268,-0.19904178380966187,9.15190601348877
1780493727.9174411,-0.18510635197162628,9.12655258178711
1780493728.0170162,-0.1729690432548523,9.108102798461914
1780493728.1167583,-0.15928296744823456,9.085648536682129
1780493728.2219791,-0.14945214986801147,9.066350936889648
1780493728.317645,-0.14045649766921997,9.043989181518555
1780493728.420724,-0.13505789637565613,9.023090362548828
1780493728.5240843,-0.13627022504806519,9.002485275268555
1780493728.6184924,-0.13655146956443787,8.978381156921387
1780493728.716398,-0.13630878925323486,8.958147048950195
1780493728.8213532,-0.13572973012924194,8.930513381958008
1780493728.9158254,-0.13642553985118866,8.905141830444336
1780493729.0178535,-0.1359391063451767,8.882545471191406
1780493729.1152036,-0.13310720026493073,8.862195014953613
1780493729.2166016,-0.12693390250205994,8.841147422790527
1780493729.3215053,-0.12205228954553604,8.821667671203613
1780493729.4177048,-0.11936526000499725,8.803533554077148
1780493729.5193455,-0.1141919493675232,8.785197257995605
1780493729.6163802,-0.11163316667079926,8.769675254821777
1780493729.7219746,-0.10840143263339996,8.756319999694824
1780493729.8170354,-0.09968269616365433,8.740723609924316
1780493729.9218633,-0.0961901992559433,8.725276947021484
1780493730.0169427,-0.09255567938089371,8.709639549255371
1780493730.1153004,-0.08819731324911118,8.688496589660645
1780493730.2231297,-0.08398918062448502,8.664999961853027
1780493730.3163042,-0.07845701277256012,8.634834289550781
1780493730.415255,-0.0692620575428009,8.609885215759277
1780493730.5159667,-0.05796951428055763,8.58326244354248
1780493730.6155863,-0.04992971569299698,8.555736541748047
1780493730.715435,-0.04496375098824501,8.53267765045166
1780493730.8162043,-0.04257224127650261,8.50961971282959
1780493730.917693,-0.03663031384348869,8.489164352416992
1780493731.0172317,-0.02820184826850891,8.469463348388672
1780493731.1163902,-0.021294286474585533,8.44779109954834
1780493731.2177927,-0.017048966139554977,8.425167083740234
1780493731.322641,-0.01437352318316698,8.399577140808105
1780493731.4186192,-0.013549242168664932,8.376086235046387
1780493731.517336,-0.011495956219732761,8.353729248046875
1780493731.6232626,-0.009178271517157555,8.330507278442383
1780493731.71583,-0.011960319243371487,8.310011863708496
1780493731.821078,-0.016348209232091904,8.285789489746094
1780493731.9227874,-0.019543370231986046,8.264836311340332
1780493732.0251353,-0.02229040116071701,8.23993968963623
1780493732.1239815,-0.024240344762802124,8.217694282531738
1780493732.2237525,-0.024399669840931892,8.197744369506836
1780493732.3232286,-0.024105006828904152,8.173884391784668
1780493732.4225423,-0.022745229303836823,8.152523040771484
1780493732.524033,-0.020813586190342903,8.12843132019043
1780493732.623373,-0.01956349052488804,8.098637580871582
1780493732.7239726,-0.016359804198145866,8.080011367797852
1780493732.8168974,-0.01706135831773281,8.051621437072754
1780493732.9225953,-0.02008488029241562,8.025626182556152
1780493733.0251284,-0.0233223345130682,8.008033752441406
1780493733.1232998,-0.02359691448509693,7.984846115112305
1780493733.223187,-0.02538720704615116,7.958005428314209
1780493733.3236997,-0.02668970637023449,7.9361958503723145
1780493733.420212,-0.02348065935075283,7.911517143249512
1780493733.5170462,-0.01957309991121292,7.881828308105469
1780493733.6230664,-0.013409959152340889,7.860696792602539
1780493733.7160509,-0.005915788933634758,7.8329668045043945
1780493733.8238304,-0.000327490532072261,7.8045454025268555
1780493733.9181647,0.005362398456782103,7.779591083526611
1780493734.0170486,0.009134667925536633,7.752038478851318
1780493734.1164863,0.011464865878224373,7.728110313415527
1780493734.2182329,0.013835238292813301,7.70439338684082
1780493734.3175457,0.017017439007759094,7.6799211502075195
1780493734.4179757,0.020907379686832428,7.656970024108887
1780493734.5230234,0.02503412403166294,7.630688667297363
1780493734.6163645,0.02819436974823475,7.607569694519043
1780493734.722621,0.0300578773021698,7.582815170288086
1780493734.82256,0.029769590124487877,7.559970855712891
1780493734.9165006,0.02916659042239189,7.5382513999938965
1780493735.016146,0.029207315295934677,7.514019966125488
1780493735.1168377,0.028520453721284866,7.487475872039795
1780493735.2223818,0.027865925803780556,7.460896015167236
1780493735.3204367,0.02434551902115345,7.434732437133789
1780493735.4181325,0.022639036178588867,7.4084625244140625
1780493735.5180345,0.020735714584589005,7.379733085632324
1780493735.6226969,0.022291362285614014,7.3551106452941895
1780493735.722747,0.02535681053996086,7.333658218383789
1780493735.824463,0.027405686676502228,7.3138651847839355
1780493735.9159656,0.029596440494060516,7.29534912109375
1780493736.0167425,0.031922344118356705,7.277795314788818
1780493736.1212106,0.03194815665483475,7.258628845214844
1780493736.216978,0.03345277160406113,7.236677646636963
1780493736.3154569,0.03474932163953781,7.21380615234375
1780493736.4160714,0.03677790239453316,7.1896796226501465
1780493736.525155,0.0395263247191906,7.166860580444336
1780493736.6172643,0.04406622052192688,7.1412811279296875
1780493736.7161872,0.04998690262436867,7.119771480560303
1780493736.8223507,0.056600894778966904,7.099508762359619
1780493736.9183745,0.06418919563293457,7.079800605773926
1780493737.017984,0.0705270916223526,7.062690258026123
1780493737.125083,0.07499170303344727,7.044269561767578
1780493737.2177215,0.07667604833841324,7.028983116149902
1780493737.3188999,0.07766567170619965,7.0164008140563965
1780493737.4175086,0.07795237004756927,7.0028977394104
1780493737.5185993,0.07715562731027603,6.985255718231201
1780493737.616087,0.0763317421078682,6.96670389175415
1780493737.7209735,0.07418020069599152,6.950546741485596
1780493737.8232768,0.07355894148349762,6.927946090698242
1780493737.9222453,0.07327806204557419,6.905059337615967
1780493738.0221853,0.0754493996500969,6.873962879180908
1780493738.1230326,0.0784585103392601,6.8469929695129395
1780493738.22217,0.08069635182619095,6.812729835510254
1780493738.3170304,0.08212974667549133,6.7840776443481445
1780493738.4219334,0.08327731490135193,6.7560296058654785
1780493738.5168543,0.08468825370073318,6.7295708656311035
1780493738.6163006,0.08684319257736206,6.702622890472412
1780493738.7231538,0.08842694759368896,6.671638488769531
1780493738.8166971,0.09067916870117188,6.6461968421936035
1780493738.9236593,0.09325827658176422,6.614663600921631
1780493739.0197914,0.09702574461698532,6.584985733032227
1780493739.119927,0.10170473903417587,6.553872108459473
1780493739.224307,0.1046256572008133,6.525460243225098
1780493739.316183,0.10534892976284027,6.498284816741943
1780493739.423987,0.10685550421476364,6.470302104949951
1780493739.518375,0.10765727609395981,6.450060844421387
1780493739.6250494,0.1101933941245079,6.427718162536621
1780493739.7172816,0.11293400079011917,6.409125328063965
1780493739.8232121,0.11451256275177002,6.386992454528809
1780493739.9232771,0.1135663315653801,6.36895751953125
1780493740.0244107,0.11645662784576416,6.351069450378418
1780493740.1235955,0.11958509683609009,6.3336663246154785
1780493740.2232845,0.12277747690677643,6.315943717956543
1780493740.3177724,0.1281805783510208,6.300247669219971
1780493740.4245324,0.13381262123584747,6.285831451416016
1780493740.524255,0.14068050682544708,6.269525051116943
1780493740.6222453,0.14599627256393433,6.25542688369751
1780493740.7264335,0.1496451050043106,6.237616062164307
1780493740.8251858,0.1525697410106659,6.221334457397461
1780493740.9232945,0.1556820571422577,6.2037434577941895
1780493741.0257034,0.15857629477977753,6.182028293609619
1780493741.1243289,0.15890826284885406,6.157649993896484
1780493741.222305,0.15873579680919647,6.128851890563965
1780493741.3247197,0.15937893092632294,6.097330093383789
1780493741.4229987,0.15896840393543243,6.059929370880127
1780493741.5249891,0.16052234172821045,6.016389846801758
1780493741.6200957,0.16218426823616028,5.9745378494262695
1780493741.7177732,0.16376300156116486,5.933767318725586
1780493741.8240309,0.16601841151714325,5.895514965057373
1780493741.9214675,0.16964957118034363,5.866554260253906
1780493742.0250459,0.17386066913604736,5.835360050201416
1780493742.1254952,0.1780077964067459,5.809935092926025
1780493742.2227907,0.18290194869041443,5.787132740020752
1780493742.32349,0.18642975389957428,5.768290042877197
1780493742.4225872,0.18987348675727844,5.753459453582764
1780493742.523415,0.19439901411533356,5.739718437194824
1780493742.624243,0.19665008783340454,5.733158111572266
1780493742.725523,0.20249876379966736,5.713932991027832
1780493742.8235884,0.20806311070919037,5.696653842926025
1780493742.9180431,0.211520254611969,5.676544666290283
1780493743.0232997,0.21444149315357208,5.659626483917236
1780493743.1240208,0.21513260900974274,5.631223201751709
1780493743.2249546,0.217515766620636,5.606119632720947
1780493743.3217797,0.21977967023849487,5.587678909301758
1780493743.4220865,0.22207413613796234,5.563584327697754
1780493743.5223439,0.22265443205833435,5.540101528167725
1780493743.6229782,0.22623783349990845,5.515970230102539
1780493743.723451,0.22970791161060333,5.49219274520874
1780493743.823783,0.23269905149936676,5.458370208740234
1780493743.9231706,0.23550473153591156,5.422008991241455
1780493744.0265496,0.23943273723125458,5.385618686676025
1780493744.122678,0.24349196255207062,5.357125759124756
1780493744.2231991,0.24883519113063812,5.323849678039551
1780493744.323052,0.25235286355018616,5.295604705810547
1780493744.417957,0.25602203607559204,5.2689127922058105
1780493744.5235767,0.25741201639175415,5.2440409660339355
1780493744.6237931,0.2596583366394043,5.222875595092773
1780493744.722699,0.2585674822330475,5.2036027908325195
1780493744.824115,0.2578906714916229,5.1882476806640625
1780493744.9244943,0.2571036219596863,5.176333427429199
1780493745.0198822,0.2569354772567749,5.164638996124268
1780493745.1228638,0.25917837023735046,5.154613494873047
1780493745.2248864,0.261366605758667,5.138316631317139
1780493745.32136,0.26476365327835083,5.117036819458008
1780493745.4248345,0.2680298089981079,5.094496250152588
1780493745.5230765,0.27200618386268616,5.0671305656433105
1780493745.620741,0.27436038851737976,5.0371599197387695
1780493745.7163038,0.2751368582248688,5.005574703216553
1780493745.8240318,0.27556028962135315,4.980222702026367
1780493745.9249206,0.27651292085647583,4.953630447387695
1780493746.0166504,0.27690401673316956,4.925717830657959
1780493746.117794,0.27881723642349243,4.894979476928711
1780493746.2249718,0.2827785015106201,4.864129543304443
1780493746.3176508,0.2890218198299408,4.8258490562438965
1780493746.4240866,0.29557961225509644,4.791064739227295
1780493746.5225227,0.3032541871070862,4.758272171020508
1780493746.6237464,0.3116266429424286,4.726820468902588
1780493746.7217174,0.316128671169281,4.699914455413818
1780493746.821264,0.32092905044555664,4.6758246421813965
1780493746.9153328,0.3247426748275757,4.655071258544922
1780493747.0231342,0.32665571570396423,4.6354498863220215
1780493747.116707,0.32734134793281555,4.619296550750732
1780493747.2238169,0.32807299494743347,4.608226299285889
1780493747.3161254,0.3263304829597473,4.599019527435303
1780493747.4188683,0.32309722900390625,4.591525554656982
1780493747.5164483,0.32004761695861816,4.5849456787109375
1780493747.6176345,0.31766071915626526,4.574182510375977
1780493747.715627,0.31694063544273376,4.5630950927734375
1780493747.8180633,0.3167675733566284,4.551280975341797
1780493747.9187415,0.31894761323928833,4.543481349945068
1780493748.0221756,0.3226953148841858,4.530010223388672
1780493748.1181073,0.3282276391983032,4.512956142425537
1780493748.2164276,0.33414891362190247,4.4949445724487305
1780493748.3232424,0.33921417593955994,4.469883441925049
1780493748.422088,0.34544259309768677,4.441103458404541
1780493748.5160186,0.35138463973999023,4.394115924835205
1780493748.6180255,0.35667428374290466,4.3481011390686035
1780493748.7174919,0.3616972863674164,4.292178153991699
1780493748.815945,0.3657342195510864,4.2385053634643555
1780493748.915437,0.36940789222717285,4.187081336975098
1780493749.0229254,0.3731967508792877,4.13946533203125
1780493749.1158857,0.3763401508331299,4.098292827606201
1780493749.2157514,0.3795742094516754,4.068182945251465
1780493749.3172545,0.38301774859428406,4.039564609527588
1780493749.41304,0.38635823130607605,4.0193705558776855
1780493749.516176,0.38905590772628784,4.004443168640137
1780493749.6178474,0.3911459743976593,3.991241693496704
1780493749.7216222,0.39393100142478943,3.9739785194396973
1780493749.817183,0.3979518711566925,3.962718963623047
1780493749.9158516,0.40240639448165894,3.944645643234253
1780493750.0157254,0.4062277376651764,3.92880916595459
1780493750.1156757,0.40990445017814636,3.9165170192718506
1780493750.2159963,0.4133465886116028,3.9051291942596436
1780493750.3201427,0.4153122007846832,3.8882863521575928
1780493750.4173892,0.4191587269306183,3.8697192668914795
1780493750.515057,0.4226682484149933,3.8496716022491455
1780493750.617651,0.4248407185077667,3.8300273418426514
1780493750.7166407,0.42716771364212036,3.8047218322753906
1780493750.815614,0.42992275953292847,3.770138740539551
1780493750.9221768,0.43287193775177,3.733858108520508
1780493751.0181463,0.43296366930007935,3.699730396270752
1780493751.1173139,0.43121758103370667,3.6690175533294678
1780493751.2239811,0.4282950460910797,3.6412160396575928
1780493751.3213139,0.42571204900741577,3.6162660121917725
1780493751.4240444,0.42480021715164185,3.5931601524353027
1780493751.5257976,0.42434531450271606,3.5705106258392334
1780493751.6224973,0.4252837002277374,3.5500328540802
1780493751.724555,0.4263422191143036,3.5322368144989014
1780493751.8224647,0.42639192938804626,3.5162746906280518
1780493751.922174,0.42689505219459534,3.503706455230713
1780493752.023994,0.42725032567977905,3.4895222187042236
1780493752.1226606,0.42750048637390137,3.4810492992401123
1780493752.2246964,0.4271356761455536,3.4620883464813232
1780493752.3228805,0.4269114136695862,3.4448330402374268
1780493752.421789,0.42604565620422363,3.4225356578826904
1780493752.525488,0.42562004923820496,3.402801036834717
1780493752.62537,0.42520296573638916,3.371973991394043
1780493752.7239954,0.42632946372032166,3.3426082134246826
1780493752.825006,0.4276121258735657,3.309375524520874
1780493752.9251056,0.428062379360199,3.275747060775757
1780493753.023224,0.4282059967517853,3.2448956966400146
1780493753.1202579,0.4279593229293823,3.217799663543701
1780493753.2250865,0.4271833300590515,3.1929619312286377
1780493753.325122,0.42700788378715515,3.17193341255188
1780493753.422633,0.42649319767951965,3.15339994430542
1780493753.5264475,0.42572838068008423,3.1346817016601562
1780493753.6251903,0.4250633120536804,3.117006540298462
1780493753.7256317,0.42551350593566895,3.100939989089966
1780493753.8277605,0.42502328753471375,3.0842907428741455
1780493753.9267068,0.4242546260356903,3.0679612159729004
1780493754.0261626,0.4229941666126251,3.0515050888061523
1780493754.1264305,0.4217095375061035,3.0335750579833984
1780493754.2260754,0.41973865032196045,3.015303373336792
1780493754.326571,0.4193083941936493,2.9969704151153564
1780493754.427115,0.4191095232963562,2.9797966480255127
1780493754.5267775,0.4184539020061493,2.962933301925659
1780493754.6284692,0.41780513525009155,2.9450528621673584
1780493754.7260356,0.4172501564025879,2.9315030574798584
1780493754.8250496,0.4180140793323517,2.9240224361419678
1780493754.9275596,0.4183805286884308,2.9223251342773438
1780493755.0272443,0.4200829565525055,2.925916910171509
1780493755.125261,0.42065733671188354,2.927016019821167
1780493755.2250907,0.42161795496940613,2.9298901557922363
1780493755.325949,0.4228442907333374,2.9324123859405518
1780493755.4246914,0.4244588017463684,2.9345343112945557
1780493755.524652,0.4262841045856476,2.936699867248535
1780493755.62847,0.4276999235153198,2.938542366027832
1780493755.7258933,0.42894381284713745,2.9401445388793945
1780493755.8265758,0.43026503920555115,2.9414844512939453
1780493755.9273465,0.43099403381347656,2.942629814147949
1780493756.019992,0.4313484728336334,2.943511486053467
1780493756.1249425,0.431724488735199,2.9443511962890625
1780493756.2262866,0.43184223771095276,2.945284843444824
1780493756.3262575,0.4316498637199402,2.9460275173187256
1780493756.4270482,0.43171724677085876,2.946934461593628
1780493756.5270586,0.43192827701568604,2.9478507041931152
1780493756.624555,0.43202003836631775,2.948765754699707
1780493756.7260985,0.43238160014152527,2.949676275253296
1780493756.8256254,0.4330628216266632,2.9505577087402344
1780493756.9288955,0.433773398399353,2.951493501663208
1780493757.0250382,0.4341234564781189,2.9522407054901123
1780493757.1270247,0.4347761869430542,2.953016996383667
1780493757.2289193,0.4351910650730133,2.953680992126465
1780493757.3278441,0.43537378311157227,2.9540657997131348
1780493757.4287987,0.4354958236217499,2.9542768001556396
1780493757.5292473,0.4358273148536682,2.954585552215576
1780493757.6285603,0.4361715018749237,2.95473575592041
1780493757.7264645,0.4365277588367462,2.954862117767334
1780493757.8252819,0.4369770884513855,2.9551827907562256
1780493757.927674,0.4374431371688843,2.9557998180389404
1780493758.0291395,0.43775510787963867,2.956190586090088
1780493758.125839,0.43805643916130066,2.9563982486724854
1780493758.2272148,0.4384756088256836,2.9566657543182373
1780493758.3257444,0.438662052154541,2.9568846225738525
1780493758.426094,0.438601553440094,2.9572436809539795
1780493758.527454,0.4384515881538391,2.9575819969177246
1780493758.62855,0.43814414739608765,2.9578542709350586
1780493758.7289426,0.4376155734062195,2.9581618309020996
1780493758.8281922,0.4371141493320465,2.9585728645324707
1780493758.927003,0.4369335472583771,2.9589896202087402
1780493759.0292675,0.4366275370121002,2.9592840671539307
1780493759.1278381,0.43636175990104675,2.9596972465515137
1780493759.2299805,0.43606218695640564,2.95992374420166
1780493759.3274121,0.435847669839859,2.960075616836548
1780493759.4263492,0.4355725347995758,2.9601588249206543
1780493759.526473,0.4352680444717407,2.959965944290161
1780493759.6257083,0.4350139796733856,2.959874153137207
1780493759.7273784,0.43444639444351196,2.9597058296203613
1780493759.827203,0.4339292645454407,2.9595205783843994
1780493759.92952,0.4333970844745636,2.9592857360839844
1780493760.029297,0.4327355921268463,2.9588260650634766
1780493760.1269493,0.4317098557949066,2.958404541015625
1780493760.2287269,0.4307895302772522,2.9579715728759766
1780493760.3263063,0.4298979938030243,2.9576168060302734
1780493760.4281902,0.4287933111190796,2.9575448036193848
1780493760.5271194,0.4277941584587097,2.957514524459839
1780493760.6264381,0.4270954728126526,2.957383155822754
1780493760.7271867,0.4263949990272522,2.9569036960601807
1780493760.8249981,0.4257661700248718,2.956488847732544
1780493760.9264657,0.4251120984554291,2.9561219215393066
1780493761.0268283,0.42474573850631714,2.955981969833374
1780493761.1260989,0.4240512549877167,2.9560537338256836
1780493761.226239,0.4234486222267151,2.955875873565674
1780493761.3261583,0.42312708497047424,2.9556477069854736
1780493761.428469,0.42259347438812256,2.9554197788238525
1780493761.5265782,0.4218314290046692,2.955211877822876
1780493761.6281426,0.4213643968105316,2.9552221298217773
1780493761.727054,0.42095687985420227,2.9551310539245605
1780493761.8265178,0.42054131627082825,2.955277919769287
1780493761.9271035,0.4204777181148529,2.9555795192718506
1780493762.0265012,0.4204733371734619,2.955920696258545
1780493762.127272,0.4202309548854828,2.9559381008148193
1780493762.2260647,0.4197610914707184,2.9559338092803955
1780493762.3253388,0.4193964898586273,2.955780506134033
1780493762.4260907,0.41908398270606995,2.9557104110717773
1780493762.528319,0.41871917247772217,2.9557301998138428
1780493762.6274242,0.4184340238571167,2.9558780193328857
1780493762.7264376,0.41835230588912964,2.95607590675354
1780493762.82792,0.4182126820087433,2.956305503845215
1780493762.927694,0.41785842180252075,2.9563705921173096
1780493763.0280573,0.41768890619277954,2.9563450813293457
1780493763.127101,0.4176047742366791,2.9560251235961914
1780493763.2291293,0.4173074960708618,2.9558136463165283
1780493763.3263338,0.4170655906200409,2.9554989337921143
1780493763.4253824,0.4170819818973541,2.955231189727783
1780493763.524567,0.4168747067451477,2.955010175704956
1780493763.6273706,0.4163939952850342,2.95468807220459
1780493763.7279775,0.41603508591651917,2.9544780254364014
1780493763.8256497,0.415537029504776,2.954432249069214
1780493763.9275942,0.4149956703186035,2.9544169902801514
1780493764.0256748,0.4145728051662445,2.954322099685669
1780493764.126092,0.4143806993961334,2.9542582035064697
1780493764.2258008,0.4142797887325287,2.954360008239746
1780493764.326724,0.4141327738761902,2.954298734664917
1780493764.427047,0.4142703711986542,2.954206705093384
1780493764.525864,0.41476383805274963,2.9543416500091553
1780493764.6273413,0.4151938557624817,2.954552173614502
1780493764.726517,0.41589367389678955,2.9544785022735596
1780493764.828288,0.4169600009918213,2.9544472694396973
1780493764.927002,0.4178950786590576,2.9545931816101074
1780493765.0316997,0.41884249448776245,2.954725980758667
1780493765.122398,0.420021116733551,2.955049514770508
1780493765.2292614,0.4211653470993042,2.9555203914642334
1780493765.3274033,0.42194125056266785,2.9560604095458984
1780493765.425544,0.4225441515445709,2.9563660621643066
1780493765.525922,0.423280268907547,2.956491708755493
1780493765.627238,0.4238540828227997,2.95660662651062
1780493765.72677,0.4242130517959595,2.9566662311553955
1780493765.8284206,0.4245946705341339,2.9567270278930664
1780493765.9254668,0.4250369071960449,2.956951379776001
1780493766.026263,0.4250038266181946,2.9571049213409424
1780493766.1250467,0.42500096559524536,2.9571306705474854
1780493766.2264113,0.4250966012477875,2.9574501514434814
1780493766.3262563,0.42482322454452515,2.957521677017212
1780493766.4283407,0.42455166578292847,2.957395076751709
1780493766.5271578,0.42451614141464233,2.9574990272521973
1780493766.6265125,0.4244734048843384,2.9577457904815674
1780493766.7302136,0.42402002215385437,2.9578256607055664
1780493766.8201008,0.42368537187576294,2.957636833190918
1780493766.9263077,0.4234238266944885,2.957494020462036
1780493767.0279818,0.4230111539363861,2.9573144912719727
1780493767.1266854,0.42277243733406067,2.9572110176086426
1780493767.2271895,0.42277848720550537,2.95707368850708
1780493767.3283274,0.42268818616867065,2.9569618701934814
1780493767.427262,0.4224490523338318,2.9568495750427246
1780493767.5217578,0.42253875732421875,2.9567103385925293
1780493767.6247742,0.4228960871696472,2.956817626953125
1780493767.7273467,0.423172265291214,2.957054853439331
1780493767.8259234,0.42353710532188416,2.9569947719573975
1780493767.9261193,0.4240541160106659,2.9569051265716553
1780493768.0263078,0.42406710982322693,2.9566729068756104
1780493768.126672,0.42402270436286926,2.956450939178467
1780493768.2264137,0.4239559769630432,2.956101179122925
1780493768.3244822,0.42399322986602783,2.955867290496826
1780493768.427784,0.4239904284477234,2.956007957458496
1780493768.5271268,0.4241676330566406,2.9560351371765137
1780493768.6259117,0.4245724081993103,2.9560763835906982
1780493768.7245734,0.42484650015830994,2.956148386001587
1780493768.8291337,0.42489972710609436,2.956144094467163
1780493768.9264743,0.425283282995224,2.9562039375305176
1780493769.0266936,0.42577335238456726,2.9564461708068848
1780493769.125916,0.42604684829711914,2.9566705226898193
